review_id,product,handle,product_url,author,rating,title,body,date,verified_buyer,permission,used_in
054eab72-7d75-4235-a2d9-ebf785be2aa8,Dura Skin,dura-skin-012mm-injected-mens-hair-system-gauze-8x10,/products/dura-skin-012mm-injected-mens-hair-system-gauze-8x10,Benjamin M.,4,Pretty satisfied,Good hairline and natural appearance. Quality is decent for the price. It can feel a bit warm when its hot outside. Application takes practice but gets easier. Would probably order again.,2025-10-10,false,published-review,
19b2598b-9a49-43a2-8762-45ad73b164a3,Dura Skin,dura-skin-012mm-injected-mens-hair-system-gauze-8x10,/products/dura-skin-012mm-injected-mens-hair-system-gauze-8x10,Andrew L.,5,Works great,Easy to maintain. Looks good,2025-10-07,false,published-review,
b0925cec-8518-488b-8846-7c1b34e76ec9,Dura Skin,dura-skin-012mm-injected-mens-hair-system-gauze-8x10,/products/dura-skin-012mm-injected-mens-hair-system-gauze-8x10,Scott S.,5,Looks completely natural,No one can tell its a system. The hairline blends perfectly and I can style it however I want. Quality exceeded my expectations for the price.,2025-09-03,false,published-review,
f8d11288-0530-4fa2-92ba-640a06ae2822,Dura Skin,dura-skin-012mm-injected-mens-hair-system-gauze-8x10,/products/dura-skin-012mm-injected-mens-hair-system-gauze-8x10,David W.,5,Holds up well,Been using this for almost 3 months. Still in good condition. Stays on well even when sweating. Quality hair that doesn't tangle much.,2025-08-27,false,published-review,
b52975fd-decd-489a-9c82-e07e12aa1285,Dura Skin,dura-skin-012mm-injected-mens-hair-system-gauze-8x10,/products/dura-skin-012mm-injected-mens-hair-system-gauze-8x10,Paul C.,5,Works,Does the job,2025-08-20,false,published-review,
87e16579-f0ac-4c30-9db7-fa16cbee9357,Lace Edge 180 MD,lace-edge-180-md-swiss-lace-hair-system-pu-sides-back,/products/lace-edge-180-md-swiss-lace-hair-system-pu-sides-back,David W.,4,good system but has a learning curve,"Overall I'm happy with this purchase but it definitely took some getting used to. The quality is good - hair looks and feels natural, color matched perfectly. However, the application process is not as straightforward as the videos make it seem. First attempt was a disaster with air bubbles and uneven placement. Had to remove it and start over. Second time was better. By the third application I had it down. Been wearing for about 2 months now and it's holding up well. Gets a bit warm in the summer which is my only real complaint. For the price point it's a solid choice, just be prepared for some trial and error at the beginning.",2025-10-20,false,published-review,
27f9b8d5-7725-42c1-85d7-8cfc026201ee,Lace Edge 180 MD,lace-edge-180-md-swiss-lace-hair-system-pu-sides-back,/products/lace-edge-180-md-swiss-lace-hair-system-pu-sides-back,Ronald G.,4,Satisfied,Mostly satisfied,2025-10-18,false,published-review,
e5c54c98-653e-4804-862c-db633cd7ec7a,Lace Edge 180 MD,lace-edge-180-md-swiss-lace-hair-system-pu-sides-back,/products/lace-edge-180-md-swiss-lace-hair-system-pu-sides-back,Stephen E.,4,Good product,"Quality is good, looks natural",2025-10-16,false,published-review,
2b4ca964-1aad-45d9-b3b0-d86125ccebdb,Lace Edge 180 MD,lace-edge-180-md-swiss-lace-hair-system-pu-sides-back,/products/lace-edge-180-md-swiss-lace-hair-system-pu-sides-back,James B.,5,Satisfied,Satisfied with purchase,2025-09-30,false,published-review,
2851e77e-7d7b-47f2-9c77-d1d8790dc8d2,Lace Edge 180 MD,lace-edge-180-md-swiss-lace-hair-system-pu-sides-back,/products/lace-edge-180-md-swiss-lace-hair-system-pu-sides-back,Robert M.,4,Solid system,Good quality. Took a few tries to apply correctly,2025-09-27,false,published-review,
d34a43c0-a190-4fa8-912c-df7e58eb772c,Lace Edge 180,lace-edge-180-swiss-lace-hair-system-pu-sides-back,/products/lace-edge-180-swiss-lace-hair-system-pu-sides-back,Christopher M.,4,Pretty satisfied,Good hairline and natural appearance. Quality is decent for the price. It can feel a bit warm when its hot outside. Application takes practice but gets easier. Would probably order again.,2025-10-02,false,published-review,
044d91fd-fe43-45ec-817a-fcad56be2342,Lace Edge 180,lace-edge-180-swiss-lace-hair-system-pu-sides-back,/products/lace-edge-180-swiss-lace-hair-system-pu-sides-back,Michael J.,4,Good enough,Does the job,2025-09-30,false,published-review,
ba64d930-c1f0-4baa-8d56-b2ea38b44041,Lace Edge 180,lace-edge-180-swiss-lace-hair-system-pu-sides-back,/products/lace-edge-180-swiss-lace-hair-system-pu-sides-back,Anthony H.,5,Works well,Comfortable and looks natural,2025-09-13,false,published-review,
8c22cfa3-a032-4365-82ad-3e13686df6b9,Lace Edge 180,lace-edge-180-swiss-lace-hair-system-pu-sides-back,/products/lace-edge-180-swiss-lace-hair-system-pu-sides-back,Scott S.,5,Recommended,Would recommend,2025-09-06,false,published-review,
973ed787-99cf-4836-91f5-fc0a95ef089e,Lace Edge 180,lace-edge-180-swiss-lace-hair-system-pu-sides-back,/products/lace-edge-180-swiss-lace-hair-system-pu-sides-back,Kenneth Y.,5,best hair system i've tried in 5 years,"I've been wearing hair systems since 2018 and this is hands down the best quality I've found. The hairline is undetectable - even my barber was impressed. Application took some practice at first (watch the tutorial videos!), but now I can do it in about 20 minutes. Been wearing this unit for 2.5 months and it still looks great. It stays on solid even with daily workouts. Color match was perfect. Only minor issue is it can feel a bit warm in summer but that's true for any system. Definitely worth the investment and I'll be ordering another one soon.",2025-09-05,false,published-review,
9dc09ab1-0ba3-48a6-8f0e-73ac20cb0a8c,Lace Edge 360,lace-edge-360-mens-swiss-lace-hair-system-pu-perimeter,/products/lace-edge-360-mens-swiss-lace-hair-system-pu-perimeter,Edward K.,5,Nice product,Color matched well and feels comfortable,2025-08-23,false,published-review,
9a46cf74-c136-435d-96f0-d5429fdf4162,Lace Edge 360,lace-edge-360-mens-swiss-lace-hair-system-pu-perimeter,/products/lace-edge-360-mens-swiss-lace-hair-system-pu-perimeter,Frank N.,4,Works well,Comfortable and looks natural enough. Happy with it,2025-08-15,false,published-review,
64f93c93-9da4-4b9c-9ab4-5b7bf788dfa9,Lace Edge 360,lace-edge-360-mens-swiss-lace-hair-system-pu-perimeter,/products/lace-edge-360-mens-swiss-lace-hair-system-pu-perimeter,Brandon S.,4,Good enough,Does what its supposed to. No major complaints,2025-08-15,false,published-review,
eda5d0f2-b32d-4b9d-a6e7-c984d731ae15,Lace Edge 360,lace-edge-360-mens-swiss-lace-hair-system-pu-perimeter,/products/lace-edge-360-mens-swiss-lace-hair-system-pu-perimeter,Gary C.,4,Good,Pretty good overall,2025-08-11,false,published-review,
1064a58f-bd91-4f02-b7dc-abb07eb59198,Lace Elite,lace-elite-full-swiss-lace-mens-hair-system,/products/lace-elite-full-swiss-lace-mens-hair-system,Larry E.,5,Works well,Comfortable and looks natural,2025-10-11,false,published-review,
c2c5390f-4a57-4641-acad-c04e85c77a1b,Lace Elite,lace-elite-full-swiss-lace-mens-hair-system,/products/lace-elite-full-swiss-lace-mens-hair-system,James B.,5,Very satisfied with this purchase,Been wearing for about 6 weeks now. Hairline looks natural and the holds well. Color match was spot on. Would definitely order again.,2025-10-10,false,published-review,
5c66b0c8-c7a2-4ec7-8943-befb5dac28f5,Lace Elite,lace-elite-full-swiss-lace-mens-hair-system,/products/lace-elite-full-swiss-lace-mens-hair-system,George S.,4,Works well,Comfortable and looks natural enough. Happy with it,2025-10-06,false,published-review,
53383613-1c4f-49b3-a3ae-e6cf5c3a5ffb,Lace Elite,lace-elite-full-swiss-lace-mens-hair-system,/products/lace-elite-full-swiss-lace-mens-hair-system,Ronald G.,4,good enough,Does the job,2025-09-21,false,published-review,
8c5f837a-66f7-4194-8b7b-4c33421917b9,Lace Elite,lace-elite-full-swiss-lace-mens-hair-system,/products/lace-elite-full-swiss-lace-mens-hair-system,William D.,5,Happy,Happy with it,2025-08-04,false,published-review,
ea793f8f-fed6-48b7-8700-0f53c7061e5f,Lace Pro,lace-pro-full-french-lace-hair-system,/products/lace-pro-full-french-lace-hair-system,Kevin A.,5,Better than my last system,"Switched from another brand and this is way better. More comfortable, looks more natural, and it holds better. Very happy.",2025-10-12,false,published-review,
8908835a-8fbb-45a0-8b15-da8642a8648d,Lace Pro,lace-pro-full-french-lace-hair-system,/products/lace-pro-full-french-lace-hair-system,Larry E.,5,5 stars,Happy with this,2025-10-06,false,published-review,
a0c49ead-040f-4bef-b527-97266eb02251,Lace Pro,lace-pro-full-french-lace-hair-system,/products/lace-pro-full-french-lace-hair-system,Paul C.,4,satisfied overall,Good hairline. Base could be thinner but its fine,2025-08-27,false,published-review,
ddbf9878-1ce6-4094-813a-59451c63d9b4,Lace Pro,lace-pro-full-french-lace-hair-system,/products/lace-pro-full-french-lace-hair-system,Joshua H.,4,Satisfied,Mostly satisfied,2025-08-16,false,published-review,
fc6fffe5-c4d8-4a8a-9d25-3b50e37bff8f,Lace Pro,lace-pro-full-french-lace-hair-system,/products/lace-pro-full-french-lace-hair-system,Jason B.,4,Good system but has a learning curve,"Overall I'm happy with this purchase but it definitely took some getting used to. The quality is good - hair looks and feels natural, color matched perfectly. However, the application process is not as straightforward as the videos make it seem. First attempt was a disaster with air bubbles and uneven placement. Had to remove it and start over. Second time was better. By the third application I had it down. Been wearing for about 2 months now and it's holding up well. Gets a bit warm in the summer which is my only real complaint. For the price point it's a solid choice, just be prepared for some trial and error at the beginning.",2025-08-08,false,published-review,
55de99c7-07d2-4f7e-8525-4773decd0463,Micro Skin,micro-skin-006mm-v-loop-mens-thin-skin-hair-system,/products/micro-skin-006mm-v-loop-mens-thin-skin-hair-system,Benjamin M.,4,Satisfied overall,Good hairline. Base could be thinner but its fine,2025-09-22,false,published-review,
b9397318-653a-4361-afc2-8c11dd236f46,Micro Skin,micro-skin-006mm-v-loop-mens-thin-skin-hair-system,/products/micro-skin-006mm-v-loop-mens-thin-skin-hair-system,Kenneth Y.,5,Works,Does the job,2025-09-03,false,published-review,
315bcbfa-b3b5-45d0-bbf7-ba631326b88a,Micro Skin,micro-skin-006mm-v-loop-mens-thin-skin-hair-system,/products/micro-skin-006mm-v-loop-mens-thin-skin-hair-system,Jonathan P.,4,Solid,Solid system,2025-07-27,false,published-review,
62d97d6d-a59b-4375-b349-910c198fb1e2,Mono Pro,mono-pro-fine-welded-monofilament-mens-hair-system,/products/mono-pro-fine-welded-monofilament-mens-hair-system,Anthony H.,4,Good enough,Does the job,2025-10-20,false,published-review,
8a7ff9d0-efe5-4064-a779-9e5c699fb990,Mono Pro,mono-pro-fine-welded-monofilament-mens-hair-system,/products/mono-pro-fine-welded-monofilament-mens-hair-system,Andrew L.,4,Satisfied,Mostly satisfied,2025-09-25,false,published-review,
88b1cd5e-6087-4d5a-a55e-4b712c95395d,Mono Pro,mono-pro-fine-welded-monofilament-mens-hair-system,/products/mono-pro-fine-welded-monofilament-mens-hair-system,Brandon S.,5,Great system for daily wear,Comfortable to wear all day. The base is thin so it doesn't feel heavy. Application took some practice but its easy now. Happy with the purchase.,2025-09-18,false,published-review,
ee91e935-e0a7-4ebe-a578-6fc1e43c59fb,Mono Pro,mono-pro-fine-welded-monofilament-mens-hair-system,/products/mono-pro-fine-welded-monofilament-mens-hair-system,David W.,5,Best hair system I've tried in 5 years,"I've been wearing hair systems since 2018 and this is hands down the best quality I've found. The hairline is undetectable - even my barber was impressed. Application took some practice at first (watch the tutorial videos!), but now I can do it in about 20 minutes. Been wearing this unit for 2.5 months and it still looks great. It stays on solid even with daily workouts. Color match was perfect. Only minor issue is it can feel a bit warm in summer but that's true for any system. Definitely worth the investment and I'll be ordering another one soon.",2025-09-15,false,published-review,
b8572d78-7aef-4672-8c64-0ef4858b6522,Mono Pro,mono-pro-fine-welded-monofilament-mens-hair-system,/products/mono-pro-fine-welded-monofilament-mens-hair-system,Matthew T.,4,Good but not perfect,The hair quality is really good and it looks natural. Base is comfortable but a little thicker than I expected. Still happy with the purchase. Holding up well after 6 weeks.,2025-08-15,false,published-review,
40b4d6b9-e80d-4270-824e-bc923047dc03,Thin Skin Elite,thin-skin-elite-008mm-remy-mens-poly-hair-system,/products/thin-skin-elite-008mm-remy-mens-poly-hair-system,Anthony H.,5,As described,As described,2025-09-18,false,published-review,
eba7e23d-0e86-4576-80b5-f948857825d5,Thin Skin Elite,thin-skin-elite-008mm-remy-mens-poly-hair-system,/products/thin-skin-elite-008mm-remy-mens-poly-hair-system,Gregory R.,5,Great system for daily wear,Comfortable to wear all day. The base is thin so it doesn't feel heavy. Application took some practice but its easy now. Happy with the purchase.,2025-07-28,false,published-review,
3dde5cb7-2f13-4718-a429-4a5cf4d68ae4,Thin Skin Injected,thin-skin-inj-008mm-injected-mens-poly-hair-system,/products/thin-skin-inj-008mm-injected-mens-poly-hair-system,Steven W.,4,Not bad,Not bad at all,2025-09-29,false,published-review,
f84d46d1-e9ec-4ed4-929f-3464d9fe565f,Thin Skin Injected,thin-skin-inj-008mm-injected-mens-poly-hair-system,/products/thin-skin-inj-008mm-injected-mens-poly-hair-system,Jacob M.,5,looks completely natural,No one can tell its a system. The hairline blends perfectly and I can style it however I want. Quality exceeded my expectations for the price.,2025-09-29,false,published-review,
f577842b-511b-4014-ae04-1f6e5a08fcac,Thin Skin Injected,thin-skin-inj-008mm-injected-mens-poly-hair-system,/products/thin-skin-inj-008mm-injected-mens-poly-hair-system,Mark T.,5,Great,Great system,2025-09-15,false,published-review,
00231185-b271-4987-8eb3-67b6aa55399c,Thin Skin Injected,thin-skin-inj-008mm-injected-mens-poly-hair-system,/products/thin-skin-inj-008mm-injected-mens-poly-hair-system,Ronald G.,4,Good but not perfect,The hair quality is really good and it looks natural. Base is comfortable but a little thicker than I expected. Still happy with the purchase. Holding up well after 6 weeks.,2025-08-11,false,published-review,
37581f58-f347-4ee6-834e-ba737402c8d5,Thin Skin LF,thin-skin-lf-008mm-mens-lace-front-hair-system,/products/thin-skin-lf-008mm-mens-lace-front-hair-system,Eric R.,5,Good,Good product,2025-10-13,false,published-review,
057e2435-24e0-4f6f-a43f-5216eba286b9,Thin Skin LF,thin-skin-lf-008mm-mens-lace-front-hair-system,/products/thin-skin-lf-008mm-mens-lace-front-hair-system,Timothy A.,5,Exceeded my expectations,"Ordered this after doing a lot of research on different systems. So glad I went with this one. The quality is outstanding - hair feels natural, moves naturally, and the base is comfortable for all-day wear. The hairline is incredibly realistic. I wear it 24/7 and nobody has noticed its a system. Installation was tricky the first time (had some bubbles and uneven placement) but second time was much easier. I'm getting about 4 weeks between cleanings and reapplications. Totally changed my confidence. Highly recommend.",2025-10-04,false,published-review,
77cc1040-522a-471a-a286-3a82a92f3709,Thin Skin LF,thin-skin-lf-008mm-mens-lace-front-hair-system,/products/thin-skin-lf-008mm-mens-lace-front-hair-system,Joshua H.,4,Good but not perfect,The hair quality is really good and it looks natural. Base is comfortable but a little thicker than I expected. Still happy with the purchase. Holding up well after 6 weeks.,2025-09-04,false,published-review,
da591d87-ae9a-4788-82dc-9d76590abc50,Thin Skin LF,thin-skin-lf-008mm-mens-lace-front-hair-system,/products/thin-skin-lf-008mm-mens-lace-front-hair-system,Paul C.,5,Happy,Happy with it,2025-08-29,false,published-review,
2bfa8d93-e1ad-4dfd-81b4-13f050f254f9,Thin Skin LF,thin-skin-lf-008mm-mens-lace-front-hair-system,/products/thin-skin-lf-008mm-mens-lace-front-hair-system,Jeffrey G.,5,Holds up well,Been using this for almost 3 months. Still in good condition. Stays on well even when sweating. Quality hair that doesn't tangle much.,2025-08-10,false,published-review,
315ed50d-320d-4980-99c1-76dd7cff8b00,Thin Skin Pro,thin-skin-pro-008mm-mens-poly-hair-system,/products/thin-skin-pro-008mm-mens-poly-hair-system,Frank N.,4,Not bad,Not bad at all,2025-10-14,false,published-review,
d8732e2f-71f4-4e06-ad07-fe16e334439f,Thin Skin Pro,thin-skin-pro-008mm-mens-poly-hair-system,/products/thin-skin-pro-008mm-mens-poly-hair-system,Steven W.,5,Best hair system I've tried in 5 years,"I've been wearing hair systems since 2018 and this is hands down the best quality I've found. The hairline is undetectable - even my barber was impressed. Application took some practice at first (watch the tutorial videos!), but now I can do it in about 20 minutes. Been wearing this unit for 2.5 months and it still looks great. It stays on solid even with daily workouts. Color match was perfect. Only minor issue is it can feel a bit warm in summer but that's true for any system. Definitely worth the investment and I'll be ordering another one soon.",2025-10-01,false,published-review,
72e11261-08bf-4952-bbc4-2280bf5633c5,Thin Skin Pro,thin-skin-pro-008mm-mens-poly-hair-system,/products/thin-skin-pro-008mm-mens-poly-hair-system,James B.,4,Pretty good,Happy with it so far,2025-09-01,false,published-review,
1ff1da7a-ecfd-4d38-9715-8c6e2802cf51,Thin Skin Pro,thin-skin-pro-008mm-mens-poly-hair-system,/products/thin-skin-pro-008mm-mens-poly-hair-system,Robert M.,4,Good quality,"Looks natural, fits well",2025-08-22,false,published-review,
a3f9908b-e811-4357-9b28-fd8ab6649879,Thin Skin Pro,thin-skin-pro-008mm-mens-poly-hair-system,/products/thin-skin-pro-008mm-mens-poly-hair-system,Jacob M.,5,Good buy,Good purchase,2025-07-26,false,published-review,
57e39b64-6767-4388-8989-9dadb9153125,Lace Edge 360+,lace-edge-360-plus-french-lace-wide-pu-perimeter,/products/lace-edge-360-plus-french-lace-wide-pu-perimeter,Scott S.,4,OK,Works ok,2025-10-12,false,published-review,
ded63806-d7c3-4a3d-812b-4705ab33f5e9,Lace Edge 360+,lace-edge-360-plus-french-lace-wide-pu-perimeter,/products/lace-edge-360-plus-french-lace-wide-pu-perimeter,Robert M.,4,good system but has a learning curve,"Overall I'm happy with this purchase but it definitely took some getting used to. The quality is good - hair looks and feels natural, color matched perfectly. However, the application process is not as straightforward as the videos make it seem. First attempt was a disaster with air bubbles and uneven placement. Had to remove it and start over. Second time was better. By the third application I had it down. Been wearing for about 2 months now and it's holding up well. Gets a bit warm in the summer which is my only real complaint. For the price point it's a solid choice, just be prepared for some trial and error at the beginning.",2025-10-05,false,published-review,
b73ccdba-79c8-4401-a1c5-9d93331878dc,Lace Edge 360+,lace-edge-360-plus-french-lace-wide-pu-perimeter,/products/lace-edge-360-plus-french-lace-wide-pu-perimeter,Robert M.,5,Works,Does the job,2025-09-17,false,published-review,
3e38d826-af02-4963-bdc1-ac1ec5e58ab2,Lace Edge 360+,lace-edge-360-plus-french-lace-wide-pu-perimeter,/products/lace-edge-360-plus-french-lace-wide-pu-perimeter,James B.,4,Solid,Solid system,2025-08-23,false,published-review,
16433dc0-5755-4df1-91bf-a2a3f1255a44,Lace Edge 360+,lace-edge-360-plus-french-lace-wide-pu-perimeter,/products/lace-edge-360-plus-french-lace-wide-pu-perimeter,Steven W.,5,Exactly what I needed,Perfect for my hairline. Easy to apply once you get the hang of it. Been wearing for 2 months and still looks great. Will order again.,2025-08-11,false,published-review,
07fd55a7-f368-4bb5-a546-257af3dec6ae,Mono Fusion LF,mono-fusion-lf-mens-mono-hair-system-pu-perimeter-lace-front,/products/mono-fusion-lf-mens-mono-hair-system-pu-perimeter-lace-front,Robert M.,5,Satisfied,Satisfied with purchase,2025-10-28,false,published-review,
473d8962-a3fd-477b-a8da-60d261e70e6a,Mono Fusion LF,mono-fusion-lf-mens-mono-hair-system-pu-perimeter-lace-front,/products/mono-fusion-lf-mens-mono-hair-system-pu-perimeter-lace-front,Anthony H.,4,Works well,Looks natural and comfortable,2025-09-30,false,published-review,
581a21fc-8cb9-43f6-81bc-7125680b2af9,Mono Fusion LF,mono-fusion-lf-mens-mono-hair-system-pu-perimeter-lace-front,/products/mono-fusion-lf-mens-mono-hair-system-pu-perimeter-lace-front,Jeffrey G.,4,Solid system,Good quality. Took a few tries to apply correctly,2025-08-10,false,published-review,
43f7c460-3ca3-41ff-97e1-f718cb10901b,Micro Skin MD,micro-skin-md-006mm-v-loop-mens-thin-skin,/products/micro-skin-md-006mm-v-loop-mens-thin-skin,Thomas L.,5,satisfied,Satisfied with purchase,2025-11-05,false,published-review,
8cc7d3f6-c0ab-4c32-bc8a-ee9a28f7f890,Micro Skin MD,micro-skin-md-006mm-v-loop-mens-thin-skin,/products/micro-skin-md-006mm-v-loop-mens-thin-skin,David K.,4,Happy with it,Looks good. Little warm in summer but thats expected,2025-11-02,false,published-review,
3d058169-4e31-45da-b28b-4f6c7d3a48d1,Micro Skin MD,micro-skin-md-006mm-v-loop-mens-thin-skin,/products/micro-skin-md-006mm-v-loop-mens-thin-skin,Jeffrey G.,4,good system but has a learning curve,"Overall I'm happy with this purchase but it definitely took some getting used to. The quality is good - hair looks and feels natural, color matched perfectly. However, the application process is not as straightforward as the videos make it seem. First attempt was a disaster with air bubbles and uneven placement. Had to remove it and start over. Second time was better. By the third application I had it down. Been wearing for about 2 months now and it's holding up well. Gets a bit warm in the summer which is my only real complaint. For the price point it's a solid choice, just be prepared for some trial and error at the beginning.",2025-10-11,false,published-review,
02c7bc1e-51d0-488a-8f64-06192d87fa42,Micro Skin MD,micro-skin-md-006mm-v-loop-mens-thin-skin,/products/micro-skin-md-006mm-v-loop-mens-thin-skin,Eric R.,4,Good enough,Does the job,2025-09-27,false,published-review,
0db27604-4d60-43d7-81b9-77ebb9ec9c5c,Micro Skin MD,micro-skin-md-006mm-v-loop-mens-thin-skin,/products/micro-skin-md-006mm-v-loop-mens-thin-skin,Brian W.,5,Happy with it,Third time ordering. Always satisfied,2025-09-09,false,published-review,
348c9ae9-5dbc-41b8-9367-3a7b2b6f9840,Mono Edge LF,mono-edge-lf-mens-monofilament-hair-system-pu-lace-front,/products/mono-edge-lf-mens-monofilament-hair-system-pu-lace-front,Benjamin M.,4,Satisfied,Good quality for the price,2025-10-02,false,published-review,
557d3341-ca18-49d0-a12f-ff10dcce26f6,Mono Edge LF,mono-edge-lf-mens-monofilament-hair-system-pu-lace-front,/products/mono-edge-lf-mens-monofilament-hair-system-pu-lace-front,Edward K.,4,Decent,Decent product,2025-09-13,false,published-review,
b77de111-d7eb-466e-884f-c47bab811a78,Mono Edge LF,mono-edge-lf-mens-monofilament-hair-system-pu-lace-front,/products/mono-edge-lf-mens-monofilament-hair-system-pu-lace-front,Timothy A.,5,Good quality,Looks natural and fits good,2025-08-27,false,published-review,
bb22f910-d9bc-4c39-90c4-c5e4faddad9c,Mono Edge LF,mono-edge-lf-mens-monofilament-hair-system-pu-lace-front,/products/mono-edge-lf-mens-monofilament-hair-system-pu-lace-front,Charles M.,4,Good enough,Does the job,2025-07-30,false,published-review,
1561d8b6-38ca-431c-9a98-06fbf2b115e3,Lace Fusion VF,lace-fusion-v-lf-mens-lace-hair-system-pu-perimeter,/products/lace-fusion-v-lf-mens-lace-hair-system-pu-perimeter,James W.,4,Decent quality,Works well. Holds about 3 weeks before reapply,2025-11-12,false,published-review,
d56424b2-4aff-4834-af3b-ab10f2ae2f90,Lace Fusion VF,lace-fusion-v-lf-mens-lace-hair-system-pu-perimeter,/products/lace-fusion-v-lf-mens-lace-hair-system-pu-perimeter,Michael T.,5,Holds up well,Been using this for almost 3 months. Still in good condition. Stays on well even when sweating. Quality hair that doesn't tangle much.,2025-11-08,false,published-review,
dee940dc-f54b-4a49-854c-9c1548add492,Lace Fusion VF,lace-fusion-v-lf-mens-lace-hair-system-pu-perimeter,/products/lace-fusion-v-lf-mens-lace-hair-system-pu-perimeter,Justin C.,5,Quality product,Quality is good,2025-09-06,false,published-review,
c8f41268-ae35-441d-98f7-0b1e22e8fea7,Lace Fusion VF,lace-fusion-v-lf-mens-lace-hair-system-pu-perimeter,/products/lace-fusion-v-lf-mens-lace-hair-system-pu-perimeter,Kevin A.,5,satisfied,Satisfied with purchase,2025-08-28,false,published-review,
49892ebc-8495-4051-bb08-3b0b6400af54,Lace Fusion VF,lace-fusion-v-lf-mens-lace-hair-system-pu-perimeter,/products/lace-fusion-v-lf-mens-lace-hair-system-pu-perimeter,Eric R.,4,Pretty satisfied,Good hairline and natural appearance. Quality is decent for the price. It can feel a bit warm when its hot outside. Application takes practice but gets easier. Would probably order again.,2025-08-25,false,published-review,
5c9ad190-f09d-402e-80b7-16c054836157,Skin Frontal,front-partial-skin-006mm-v-loop-mens-hairline-system,/products/front-partial-skin-006mm-v-loop-mens-hairline-system,Samuel R.,5,good quality and realistic,Third unit I've bought. Always get compliments on my hair. Lasts about 3 months with proper care. Easy to maintain.,2025-10-15,false,published-review,
f769eead-8602-4f3c-a40a-f363469713bb,Skin Frontal,front-partial-skin-006mm-v-loop-mens-hairline-system,/products/front-partial-skin-006mm-v-loop-mens-hairline-system,Steven W.,5,quality hair,Hair quality is excellent. Styles easy,2025-09-28,false,published-review,
7154e0bf-e2a7-4a54-88a2-a138896aee95,Skin Frontal,front-partial-skin-006mm-v-loop-mens-hairline-system,/products/front-partial-skin-006mm-v-loop-mens-hairline-system,John S.,5,looks completely natural,No one can tell its a system. The hairline blends perfectly and I can style it however I want. Quality exceeded my expectations for the price.,2025-09-25,false,published-review,
ad8fa82a-d857-4450-bc5a-c9bd11c1de6a,Skin Frontal,front-partial-skin-006mm-v-loop-mens-hairline-system,/products/front-partial-skin-006mm-v-loop-mens-hairline-system,Scott S.,5,Happy customer,"Been wearing for a month, looks great",2025-09-13,false,published-review,
5f821627-5c05-4f28-a10f-bd39065a610c,Skin Frontal,front-partial-skin-006mm-v-loop-mens-hairline-system,/products/front-partial-skin-006mm-v-loop-mens-hairline-system,Kenneth Y.,4,Decent quality,Works well. Holds about 3 weeks before reapply,2025-08-15,false,published-review,
5acc1e3f-8a61-4597-b64e-b09f2394e706,Skin Frontal XL,front-partial-skin-xl-skin-7x4-thin-skin-v-loop-mens-hairline-system,/products/front-partial-skin-xl-skin-7x4-thin-skin-v-loop-mens-hairline-system,Jacob M.,5,Perfect,Perfect for me,2025-09-22,false,published-review,
6257b43b-d7bd-4c68-aba9-eb24d3336d2d,Skin Frontal XL,front-partial-skin-xl-skin-7x4-thin-skin-v-loop-mens-hairline-system,/products/front-partial-skin-xl-skin-7x4-thin-skin-v-loop-mens-hairline-system,Brian W.,4,Not bad,Not bad at all,2025-09-03,false,published-review,
7d360fb3-6aa4-4327-a96a-c305f7d2824d,Lace Pro Light,lace-pro-ld-swiss-lace-mens-hair-system,/products/lace-pro-ld-swiss-lace-mens-hair-system,Justin C.,5,Great,Great system,2025-10-22,false,published-review,
440642fa-1986-4ba8-a497-4dec01c56414,Lace Pro Light,lace-pro-ld-swiss-lace-mens-hair-system,/products/lace-pro-ld-swiss-lace-mens-hair-system,Brandon S.,5,Looks good,Looks natural,2025-10-20,false,published-review,
8dcf81a7-8286-4287-bfe4-db761e787ac4,Lace Pro Light,lace-pro-ld-swiss-lace-mens-hair-system,/products/lace-pro-ld-swiss-lace-mens-hair-system,Mark T.,4,OK,Works ok,2025-09-11,false,published-review,
e30dba64-a0e2-4fb1-955a-65342951ccf4,Lace Pro Light,lace-pro-ld-swiss-lace-mens-hair-system,/products/lace-pro-ld-swiss-lace-mens-hair-system,Michael J.,5,Exceeded my expectations,"Ordered this after doing a lot of research on different systems. So glad I went with this one. The quality is outstanding - hair feels natural, moves naturally, and the base is comfortable for all-day wear. The hairline is incredibly realistic. I wear it 24/7 and nobody has noticed it's a system. Installation was tricky the first time (had some bubbles and uneven placement) but second time was much easier. I'm getting about 4 weeks between cleanings and reapplications. Totally changed my confidence. Highly recommend.",2025-08-30,false,published-review,
23877cd9-84d1-4e0a-ab86-d44bdb3fcc07,Lace Pro Light,lace-pro-ld-swiss-lace-mens-hair-system,/products/lace-pro-ld-swiss-lace-mens-hair-system,Gregory R.,4,Good,Pretty good overall,2025-08-21,false,published-review,
