id,name,filename,status,source_limited,removed_unrendered_widget_comments,repaired_malformed_preheaders,removed_broken_media,removed_legacy_header_rows,removed_legacy_footer_blocks
206981371060,Service -- Email 1 of 2 -- Ticket Update -- Ticket Received,206981371060_Service----Email-1-of-2----Ticket-Update----Ticket-Received.html,rebranded-local,False,0,0,0,0,0
206981497264,Service -- Email 2 of 2 -- Ticket Update -- Ticket Closed,206981497264_Service----Email-2-of-2----Ticket-Update----Ticket-Closed.html,rebranded-local,False,0,0,0,0,0
207110364257,Welcome -- Email 1 of 5 -- Welcome -- New Subscriber Introduction,207110364257_Welcome----Email-1-of-5----Welcome----New-Subscriber-Introduction.html,rebranded-local,False,0,0,0,1,2
207224277892,New Customer -- Email 1 of 8 -- New Customer Onboarding -- Your Order Is Confirmed Here's What's Next,207224277892_New-Customer----Email-1-of-8----New-Customer-Onboarding----Your-Order-Is-Confirmed-Heres-Whats-Next.html,rebranded-local,False,0,0,0,1,2
207224311662,New Customer -- Email 4 of 8 -- New Customer Onboarding -- Did Your System Arrive Safely,207224311662_New-Customer----Email-4-of-8----New-Customer-Onboarding----Did-Your-System-Arrive-Safely.html,rebranded-local,False,0,0,0,1,2
208934606082,Abandoned Cart -- Email 1 of 4 -- Abandoned Cart Legacy -- You Left Items In Your Cart Return To Checkout Today,208934606082_Abandoned-Cart----Email-1-of-4----Abandoned-Cart-Legacy----You-Left-Items-In-Your-Cart-Return-To-Checkout-Today.html,rebranded-review-required,True,1,0,0,0,0
208939229055,Abandoned Cart -- Email 2 of 4 -- Abandoned Cart Legacy -- You Left Items In Your Cart Return To Checkout Today,208939229055_Abandoned-Cart----Email-2-of-4----Abandoned-Cart-Legacy----You-Left-Items-In-Your-Cart-Return-To-Checkout-Today.html,rebranded-review-required,True,1,0,0,0,0
208939236631,New Customer -- Email 3 of 8 -- New Customer Onboarding -- Your Hair System Is On The Way,208939236631_New-Customer----Email-3-of-8----New-Customer-Onboarding----Your-Hair-System-Is-On-The-Way.html,rebranded-local,False,0,0,0,1,2
208939275297,Abandoned Cart -- Email 3 of 4 -- Abandoned Cart Legacy -- You Left Items In Your Cart Return To Checkout Today,208939275297_Abandoned-Cart----Email-3-of-4----Abandoned-Cart-Legacy----You-Left-Items-In-Your-Cart-Return-To-Checkout-Today.html,rebranded-review-required,True,1,0,0,0,0
208939275325,Abandoned Cart -- Email 4 of 4 -- Abandoned Cart Legacy -- You Left Items In Your Cart Return To Checkout Today,208939275325_Abandoned-Cart----Email-4-of-4----Abandoned-Cart-Legacy----You-Left-Items-In-Your-Cart-Return-To-Checkout-Today.html,rebranded-review-required,True,1,0,0,0,0
211278031920,Welcome -- Email 1 of 5 -- Lead Welcome -- Welcome To Hair Solutions Co,211278031920_Welcome----Email-1-of-5----Lead-Welcome----Welcome-To-Hair-Solutions-Co.html,rebranded-local,False,0,0,0,1,2
211345973635,Supporting -- Resubscribe -- Consent -- Resubscribe Email,211345973635_Supporting----Resubscribe----Consent----Resubscribe-Email.html,rebranded-review-required,True,1,0,0,0,1
211345977476,Win-back -- Email 4 of 4 -- Winback -- Last Email From Us We Respect Your Inbox,211345977476_Win-back----Email-4-of-4----Winback----Last-Email-From-Us-We-Respect-Your-Inbox.html,rebranded-local,False,0,0,0,1,2
211345979187,Welcome -- Email 2 of 5 -- Lead Welcome -- Why We Do This (and Why It Matters To You),211345979187_Welcome----Email-2-of-5----Lead-Welcome----Why-We-Do-This-and-Why-It-Matters-To-You.html,rebranded-local,False,0,0,0,1,2
211345979193,Welcome -- Email 5 of 5 -- Lead Welcome -- Ready To Talk? Book Your Free Consultation,211345979193_Welcome----Email-5-of-5----Lead-Welcome----Ready-To-Talk-Book-Your-Free-Consultation.html,rebranded-local,False,0,0,0,1,2
211345979651,New Customer -- Email 5 of 8 -- New Customer Onboarding -- Week 1 Care Tips For Your Hair System,211345979651_New-Customer----Email-5-of-8----New-Customer-Onboarding----Week-1-Care-Tips-For-Your-Hair-System.html,rebranded-local,False,0,0,0,1,2
211345979661,Welcome -- Email 4 of 5 -- Lead Welcome -- Real Results From Real Customers,211345979661_Welcome----Email-4-of-5----Lead-Welcome----Real-Results-From-Real-Customers.html,rebranded-local,False,0,0,0,1,2
211345979664,Win-back -- Email 1 of 4 -- Winback -- Just Checking In Vincent Here,211345979664_Win-back----Email-1-of-4----Winback----Just-Checking-In-Vincent-Here.html,rebranded-review-required,True,1,0,0,1,2
211345979996,New Customer -- Email 6 of 8 -- New Customer Onboarding -- Week 2: Building Your Maintenance Routine,211345979996_New-Customer----Email-6-of-8----New-Customer-Onboarding----Week-2-Building-Your-Maintenance-Routine.html,rebranded-local,False,0,0,0,1,2
214987971489,Abandoned Cart -- Email 2 of 3 -- Abandoned Cart -- Value Reinforcement,214987971489_Abandoned-Cart----Email-2-of-3----Abandoned-Cart----Value-Reinforcement.html,rebranded-local,False,0,0,0,0,1
214987971492,Abandoned Cart -- Email 3 of 3 -- Abandoned Cart -- Urgency Incentive,214987971492_Abandoned-Cart----Email-3-of-3----Abandoned-Cart----Urgency-Incentive.html,rebranded-local,False,0,0,0,0,1
214987971495,Browse Abandonment -- Email 1 of 2 -- Browse Abandonment -- Product Reminder,214987971495_Browse-Abandonment----Email-1-of-2----Browse-Abandonment----Product-Reminder.html,rebranded-local,False,0,0,0,0,1
214987971498,Browse Abandonment -- Email 2 of 2 -- Browse Abandonment -- Related Products,214987971498_Browse-Abandonment----Email-2-of-2----Browse-Abandonment----Related-Products.html,rebranded-local,False,0,0,0,0,1
214987971501,Cross-Sell -- Email 1 of 3 -- Cross-Sell -- Care Kit Intro,214987971501_Cross-Sell----Email-1-of-3----Cross-Sell----Care-Kit-Intro.html,rebranded-local,False,0,0,0,0,1
214987971504,New Customer -- Email 3 of 4 -- New Customer -- Care Instructions CrossSell,214987971504_New-Customer----Email-3-of-4----New-Customer----Care-Instructions-CrossSell.html,rebranded-local,False,0,0,0,0,1
214987971507,New Customer -- Email 4 of 4 -- New Customer -- CheckIn Review Request,214987971507_New-Customer----Email-4-of-4----New-Customer----CheckIn-Review-Request.html,rebranded-local,False,0,0,0,0,1
214987971510,Reorder -- Email 3 of 3 -- Reorder -- Last Reminder NewProducts,214987971510_Reorder----Email-3-of-3----Reorder----Last-Reminder-NewProducts.html,rebranded-local,False,0,0,0,0,1
214987971586,Review Request -- Email 2 of 2 -- Review Request -- UGC Photo Request,214987971586_Review-Request----Email-2-of-2----Review-Request----UGC-Photo-Request.html,rebranded-local,False,0,0,0,0,1
214987971589,Welcome -- Email 4 of 5 -- Welcome -- First Purchase Incentive,214987971589_Welcome----Email-4-of-5----Welcome----First-Purchase-Incentive.html,rebranded-review-required,True,0,1,0,0,1
214987971592,Welcome -- Email 5 of 5 -- Welcome -- Soft Close Buying Guide,214987971592_Welcome----Email-5-of-5----Welcome----Soft-Close-Buying-Guide.html,rebranded-review-required,True,0,1,0,0,1
214987971595,Win-back -- Email 2 of 4 -- Winback -- Whats New,214987971595_Win-back----Email-2-of-4----Winback----Whats-New.html,rebranded-local,False,0,0,0,0,1
214987971598,Win-back -- Email 3 of 4 -- Winback -- Reengagement Offer,214987971598_Win-back----Email-3-of-4----Winback----Reengagement-Offer.html,rebranded-local,False,0,0,0,1,2
214987971610,Launch -- Week 2 -- Trust Building -- Trust Rebuilding Personal Note,214987971610_Launch----Week-2----Trust-Building----Trust-Rebuilding-Personal-Note.html,rebranded-local,False,0,0,0,0,1
214987971613,Launch -- Week 4 -- Customer Proof -- Social Proof Testimonials,214987971613_Launch----Week-4----Customer-Proof----Social-Proof-Testimonials.html,rebranded-local,False,0,0,0,0,1
214987971616,Newsletter -- Education -- Week 8 -- Hybrid Mono Education,214987971616_Newsletter----Education----Week-8----Hybrid-Mono-Education.html,rebranded-review-required,True,0,0,1,0,1
214987971619,Cross-Sell -- Week 11 -- Cross-Sell -- Cross Sell Accessories,214987971619_Cross-Sell----Week-11----Cross-Sell----Cross-Sell-Accessories.html,rebranded-review-required,True,0,0,1,0,1
214987971622,Newsletter -- Product Launch -- Week 15 -- New Arrivals Followup,214987971622_Newsletter----Product-Launch----Week-15----New-Arrivals-Followup.html,rebranded-review-required,True,0,0,1,0,1
214988060967,Launch -- Week 3 -- Education -- Education Lace Vs Poly,214988060967_Launch----Week-3----Education----Education-Lace-Vs-Poly.html,rebranded-local,False,0,0,0,1,2
214988060970,Launch -- Week 4 -- Offer -- First Order Offer,214988060970_Launch----Week-4----Offer----First-Order-Offer.html,rebranded-local,False,0,0,0,0,1
214988060973,Newsletter -- Education -- Week 5 -- Lace Deep Dive,214988060973_Newsletter----Education----Week-5----Lace-Deep-Dive.html,rebranded-review-required,True,0,0,1,0,1
214988060976,Newsletter -- Education -- Week 6 -- Poly Deep Dive,214988060976_Newsletter----Education----Week-6----Poly-Deep-Dive.html,rebranded-review-required,True,0,0,1,0,1
214988060979,Newsletter -- Newsletter -- Week 13 -- Q1 Recap,214988060979_Newsletter----Newsletter----Week-13----Q1-Recap.html,rebranded-review-required,True,0,0,1,0,1
214988060982,Newsletter -- Customer Story -- Week 14 -- New Arrivals Spotlight,214988060982_Newsletter----Customer-Story----Week-14----New-Arrivals-Spotlight.html,rebranded-review-required,True,0,0,1,0,1
214988060985,Newsletter -- Customer Story -- Week 17 -- Newsletter Customer Spotlight,214988060985_Newsletter----Customer-Story----Week-17----Newsletter-Customer-Spotlight.html,rebranded-review-required,True,0,0,1,0,1
214988060988,Newsletter -- Education -- Week 19 -- Product Comparison Guide,214988060988_Newsletter----Education----Week-19----Product-Comparison-Guide.html,rebranded-review-required,True,0,0,1,0,1
214988060991,Newsletter -- Education -- Week 20 -- Newsletter Maintenance Tips,214988060991_Newsletter----Education----Week-20----Newsletter-Maintenance-Tips.html,rebranded-review-required,True,0,0,1,0,1
214988060994,Newsletter -- Offer -- Week 24 -- Mid Year Sale,214988060994_Newsletter----Offer----Week-24----Mid-Year-Sale.html,rebranded-review-required,True,0,0,1,0,1
214988060997,Newsletter -- Education -- Week 7 -- Maintenance Essentials,214988060997_Newsletter----Education----Week-7----Maintenance-Essentials.html,rebranded-review-required,True,0,0,1,0,1
214988061000,Newsletter -- Education -- Week 16 -- Home Attachment Education,214988061000_Newsletter----Education----Week-16----Home-Attachment-Education.html,rebranded-review-required,True,0,0,1,0,1
214988061003,Newsletter -- Newsletter -- Week 26 -- Half Year Recap,214988061003_Newsletter----Newsletter----Week-26----Half-Year-Recap.html,rebranded-review-required,True,0,0,1,0,1
214988061042,Win-back -- Email 2 of 4 -- Winback -- What's New,214988061042_Win-back----Email-2-of-4----Winback----Whats-New.html,rebranded-local,False,0,0,0,1,2
214988061045,Reorder -- Email 2 of 3 -- Replacement Window -- Replacement Nudge,214988061045_Reorder----Email-2-of-3----Replacement-Window----Replacement-Nudge.html,rebranded-local,False,0,0,0,1,2
214988061048,Reorder -- Email 3 of 4 -- Renewal -- 7 Day Urgency,214988061048_Reorder----Email-3-of-4----Renewal----7-Day-Urgency.html,rebranded-local,False,0,0,0,1,2
214988110702,Newsletter -- Email 1 of 5 -- Newsletter Nurture -- Newsletter Welcome,214988110702_Newsletter----Email-1-of-5----Newsletter-Nurture----Newsletter-Welcome.html,rebranded-local,False,0,0,0,1,2
214988110705,Newsletter -- Email 3 of 5 -- Newsletter Nurture -- Style Inspiration,214988110705_Newsletter----Email-3-of-5----Newsletter-Nurture----Style-Inspiration.html,rebranded-local,False,0,0,0,1,2
214988110708,Newsletter -- Email 4 of 5 -- Newsletter Nurture -- Maintenance Tips,214988110708_Newsletter----Email-4-of-5----Newsletter-Nurture----Maintenance-Tips.html,rebranded-local,False,0,0,0,1,2
214988110711,Reorder -- Email 2 of 4 -- Renewal -- 14 Day Heads Up,214988110711_Reorder----Email-2-of-4----Renewal----14-Day-Heads-Up.html,rebranded-local,False,0,0,0,1,2
214988406444,Newsletter -- Education -- Week 22 -- Color Matching Education,214988406444_Newsletter----Education----Week-22----Color-Matching-Education.html,rebranded-review-required,True,0,0,1,0,1
214988406447,Newsletter -- Newsletter -- Week 23 -- Newsletter Behind Scenes,214988406447_Newsletter----Newsletter----Week-23----Newsletter-Behind-Scenes.html,rebranded-review-required,True,0,0,1,0,1
214988406450,Newsletter -- Education -- Week 25 -- Travel Care Education,214988406450_Newsletter----Education----Week-25----Travel-Care-Education.html,rebranded-review-required,True,0,0,1,0,1
214988406453,Newsletter -- Customer Story -- Week 9 -- Product Spotlight,214988406453_Newsletter----Customer-Story----Week-9----Product-Spotlight.html,rebranded-review-required,True,0,0,1,0,1
214989746959,Abandoned Cart -- Email 1 of 3 -- Abandoned Cart -- Gentle Reminder,214989746959_Abandoned-Cart----Email-1-of-3----Abandoned-Cart----Gentle-Reminder.html,rebranded-review-required,True,2,0,0,0,1
214989746962,Cross-Sell -- Email 2 of 3 -- Cross-Sell -- Problem Solution,214989746962_Cross-Sell----Email-2-of-3----Cross-Sell----Problem-Solution.html,rebranded-local,False,0,0,0,0,1
214989746965,Cross-Sell -- Email 3 of 3 -- Cross-Sell -- Bundle Offer,214989746965_Cross-Sell----Email-3-of-3----Cross-Sell----Bundle-Offer.html,rebranded-local,False,0,0,0,0,1
214989746968,New Customer -- Email 1 of 4 -- New Customer -- Order Confirmation,214989746968_New-Customer----Email-1-of-4----New-Customer----Order-Confirmation.html,rebranded-local,False,0,0,0,0,1
214989746971,New Customer -- Email 2 of 4 -- New Customer -- Prep Guide,214989746971_New-Customer----Email-2-of-4----New-Customer----Prep-Guide.html,rebranded-local,False,0,0,0,0,1
214989746974,Post-Purchase -- Email 1 of 3 -- Post-Purchase -- Delivery QuickStart,214989746974_Post-Purchase----Email-1-of-3----Post-Purchase----Delivery-QuickStart.html,rebranded-local,False,0,0,0,0,1
214989746977,Post-Purchase -- Email 2 of 3 -- Post-Purchase -- Maintenance Schedule,214989746977_Post-Purchase----Email-2-of-3----Post-Purchase----Maintenance-Schedule.html,rebranded-local,False,0,0,0,0,1
214989746980,Post-Purchase -- Email 3 of 3 -- Post-Purchase -- Longevity Tips,214989746980_Post-Purchase----Email-3-of-3----Post-Purchase----Longevity-Tips.html,rebranded-review-required,True,1,0,0,0,1
214989746983,Reorder -- Email 1 of 3 -- Reorder -- Friendly Reminder,214989746983_Reorder----Email-1-of-3----Reorder----Friendly-Reminder.html,rebranded-local,False,0,0,0,0,1
214989746986,Reorder -- Email 2 of 3 -- Reorder -- Subscription Pitch,214989746986_Reorder----Email-2-of-3----Reorder----Subscription-Pitch.html,rebranded-local,False,0,0,0,0,1
214989746989,Review Request -- Email 1 of 2 -- Review Request -- Review Request,214989746989_Review-Request----Email-1-of-2----Review-Request----Review-Request.html,rebranded-local,False,0,0,0,0,1
214989746992,Shipping -- Email 1 of 2 -- Shipping -- What Happens Next,214989746992_Shipping----Email-1-of-2----Shipping----What-Happens-Next.html,rebranded-local,False,0,0,0,0,1
214989746995,Shipping -- Email 2 of 2 -- Shipping -- Mid Wait CheckIn,214989746995_Shipping----Email-2-of-2----Shipping----Mid-Wait-CheckIn.html,rebranded-local,False,0,0,0,0,1
214989746998,Welcome -- Email 3 of 5 -- Welcome -- Social Proof,214989746998_Welcome----Email-3-of-5----Welcome----Social-Proof.html,rebranded-local,False,0,0,0,0,1
214989747001,Win-back -- Email 1 of 4 -- Winback -- Soft CheckIn,214989747001_Win-back----Email-1-of-4----Winback----Soft-CheckIn.html,rebranded-local,False,0,0,0,0,1
214989747004,Win-back -- Email 4 of 4 -- Winback -- Final Goodbye,214989747004_Win-back----Email-4-of-4----Winback----Final-Goodbye.html,rebranded-local,False,0,0,0,0,1
214989747030,New Customer -- Email 2 of 8 -- New Customer Onboarding -- Preparation Guide,214989747030_New-Customer----Email-2-of-8----New-Customer-Onboarding----Preparation-Guide.html,rebranded-local,False,0,0,0,1,2
214989747033,Reorder -- Email 3 of 3 -- Replacement Window -- Loyalty Hook,214989747033_Reorder----Email-3-of-3----Replacement-Window----Loyalty-Hook.html,rebranded-local,False,0,0,0,1,2
214989747036,Newsletter -- Email 2 of 5 -- Newsletter Nurture -- How Systems Work,214989747036_Newsletter----Email-2-of-5----Newsletter-Nurture----How-Systems-Work.html,rebranded-local,False,0,0,0,1,2
214990233219,Welcome -- Email 2 of 5 -- Welcome -- Education Hook,214990233219_Welcome----Email-2-of-5----Welcome----Education-Hook.html,rebranded-local,False,0,0,0,0,1
214990267399,Newsletter -- Customer Story -- Week 10 -- Customer Story,214990267399_Newsletter----Customer-Story----Week-10----Customer-Story.html,rebranded-review-required,True,0,0,1,0,1
214990267402,Win-back -- Week 12 -- Winback -- Reengagement Push,214990267402_Win-back----Week-12----Winback----Reengagement-Push.html,rebranded-review-required,True,0,0,1,0,1
214990267405,Newsletter -- Offer -- Week 18 -- Spring Seasonal Promo,214990267405_Newsletter----Offer----Week-18----Spring-Seasonal-Promo.html,rebranded-review-required,True,0,0,1,0,1
214990267438,Consultation -- Day 90 -- Consultation Follow-Up -- Day 90 (Reengagement),214990267438_Consultation----Day-90----Consultation-Follow-Up----Day-90-Reengagement.html,rebranded-local,False,0,0,0,0,1
214990267441,New Customer -- Email 7 of 8 -- New Customer Onboarding -- Styling And Removal,214990267441_New-Customer----Email-7-of-8----New-Customer-Onboarding----Styling-And-Removal.html,rebranded-local,False,0,0,0,1,2
214990267444,Newsletter -- Email 5 of 5 -- Newsletter Nurture -- Soft Consult Invite,214990267444_Newsletter----Email-5-of-5----Newsletter-Nurture----Soft-Consult-Invite.html,rebranded-local,False,0,0,0,1,2
214990267447,Reorder -- Email 4 of 4 -- Renewal -- Final Confirmation,214990267447_Reorder----Email-4-of-4----Renewal----Final-Confirmation.html,rebranded-local,False,0,0,0,1,2
214990267453,Payment Recovery -- Email 1 of 2 -- Payment Recovery -- Payment Failed,214990267453_Payment-Recovery----Email-1-of-2----Payment-Recovery----Payment-Failed.html,rebranded-local,False,0,0,0,1,2
214990267456,Consultation -- Final -- Consultation Follow-Up -- Final Close Loop,214990267456_Consultation----Final----Consultation-Follow-Up----Final-Close-Loop.html,rebranded-local,False,0,0,0,0,1
214990267459,New Customer -- Email 8 of 8 -- New Customer Onboarding -- Review & Next Steps,214990267459_New-Customer----Email-8-of-8----New-Customer-Onboarding----Review-Next-Steps.html,rebranded-local,False,0,0,0,1,2
214990267462,Welcome -- Email 3 of 5 -- Lead Welcome -- Base Types Educational,214990267462_Welcome----Email-3-of-5----Lead-Welcome----Base-Types-Educational.html,rebranded-local,False,0,0,0,1,2
214990267465,Win-back -- Email 3 of 4 -- Winback -- Specific Offer,214990267465_Win-back----Email-3-of-4----Winback----Specific-Offer.html,rebranded-local,False,0,0,0,1,2
214990267468,Reorder -- Email 1 of 3 -- Replacement Window -- Mid Cycle Care Check,214990267468_Reorder----Email-1-of-3----Replacement-Window----Mid-Cycle-Care-Check.html,rebranded-local,False,0,0,0,1,2
214990273171,Payment Recovery -- Email 2 of 2 -- Payment Recovery -- Grace Period,214990273171_Payment-Recovery----Email-2-of-2----Payment-Recovery----Grace-Period.html,rebranded-local,False,0,0,0,1,2
216507598990,Consultation -- Follow-Up -- Day 10,216507598990_Consultation----Follow-Up----Day-10.html,rebranded-local,False,0,0,0,0,1
216517553225,Consultation -- Follow-Up -- Day 5,216517553225_Consultation----Follow-Up----Day-5.html,rebranded-local,False,0,0,0,0,1
216517564345,Consultation -- Recap -- Standard,216517564345_Consultation----Recap----Standard.html,rebranded-local,False,0,0,0,0,1
216536080013,Launch Day -- New Prospect -- Audience A -- Offer Bottom,216536080013_Launch-Day----New-Prospect----Audience-A----Offer-Bottom.html,rebranded-review-required,True,10,0,0,0,1
216536082757,Launch Day -- Existing Customers -- Audience B -- Offer Top,216536082757_Launch-Day----Existing-Customers----Audience-B----Offer-Top.html,rebranded-review-required,True,10,0,0,0,1
216536082761,Launch Day -- New Prospect -- Audience B -- Offer Top,216536082761_Launch-Day----New-Prospect----Audience-B----Offer-Top.html,rebranded-review-required,True,10,0,0,0,1
216536083877,Launch Day -- Existing Customers -- Audience A -- Offer Bottom,216536083877_Launch-Day----Existing-Customers----Audience-A----Offer-Bottom.html,rebranded-review-required,True,18,0,0,0,1
216544473180,Post-Launch -- Week 5 -- Invitation -- Ready When You Are,216544473180_Post-Launch----Week-5----Invitation----Ready-When-You-Are.html,rebranded-review-required,True,8,0,0,0,1
216613097908,Abandoned Cart -- Rebuild -- Email 1 -- WIP,216613097908_Abandoned-Cart----Rebuild----Email-1----WIP.html,rebranded-review-required,True,18,0,0,0,1
