scope,module_path,label,source_status,complete,missing_files,rebrand_status
"core","core/base_type_guidance.module","CORE - Text - Base type guidance - Light","local and live","true","","pending"
"core","core/base_type_guidance_dark.module","CORE - Text - Base type guidance - Dark","local and live","true","","pending"
"core","core/customer_snapshot.module","CORE - Text - Customer snapshot - Light","local and live","true","","pending"
"core","core/customer_snapshot_dark.module","CORE - Text - Customer snapshot - Dark","local and live","true","","pending"
"core","core/email_footer.module","CORE - Footer - Standard - Light","local and live","true","","pending"
"core","core/email_footer_dark.module","CORE - Footer - Standard - Dark","local and live","true","","pending"
"core","core/email_header.module","CORE - Header - Centered logo - Light","local and live","true","","pending"
"core","core/email_header_dark.module","CORE - Header - Centered logo - Dark","local and live","true","","pending"
"core","core/faq_block.module","CORE - Text - FAQ block - Light","local-only draft","true","","pending"
"core","core/faq_block_dark.module","CORE - Text - FAQ block - Dark","local-only draft","false","fields.json","pending"
"core","core/goal_based_recommendation.module","CORE - Products - Goal-based recommendation - Light","local and live","true","","pending"
"core","core/goal_based_recommendation_dark.module","CORE - Products - Goal-based recommendation - Dark","local and live","true","","pending"
"core","core/hero.module","CORE - Text - Hero - Light","local-only draft","true","","pending"
"core","core/hero_dark.module","CORE - Text - Hero - Dark","local-only draft","false","fields.json","pending"
"core","core/lifespan_next_step.module","CORE - Text - Lifespan next step - Light","local and live","true","","pending"
"core","core/lifespan_next_step_dark.module","CORE - Text - Lifespan next step - Dark","local and live","true","","pending"
"core","core/proof.module","CORE - Text - Proof - Light","local-only draft","true","","pending"
"core","core/proof_dark.module","CORE - Text - Proof - Dark","local-only draft","false","fields.json","pending"
"core","core/reassurance.module","CORE - Text - Reassurance - Light","local-only draft","true","","pending"
"core","core/reassurance_dark.module","CORE - Text - Reassurance - Dark","local-only draft","false","fields.json","pending"
"launch","launch/launch-01-04-logo-pair.module","Launch - Image - New site experience - Light","local and live","true","","pending"
"launch","launch/launch-02-03-offer.module","Launch - Text - Offer - Light","local and live","true","","pending"
"launch","launch/launch-03-03-offer.module","Launch - Text - Offer - Light","local and live","true","","pending"
"launch","launch/launch-03-05-products-3-dark.module","Launch - Products - Three product grid - Dark","local and live","true","","pending"
"launch","launch/launch-05-01-header.module","Launch - Header - Centered logo - Light","local and live","true","","pending"
"launch","launch/launch-05-02-hero-image.module","Launch - Image - Hero image - Light","local and live","true","","pending"
"launch","launch/launch-05-03-question-list.module","Launch - Text - Question list - Light","local and live","true","","pending"
"launch","launch/launch-05-04-five-changes.module","Launch - Text - Five changes - Light","local and live","true","","pending"
"launch","launch/launch-05-05-belief-list-dark.module","Launch - Text - Belief list - Dark","local and live","true","","pending"
"launch","launch/launch-05-06-founder-pillars.module","Launch - Text - Founder pillars - Light","local and live","true","","pending"
"launch","launch/launch-05-07-products-3.module","Launch - Products - Three product grid - Light","local and live","true","","pending"
"launch","launch/launch-05-08-final-cta.module","Launch - Button - Final CTA - Light","local and live","true","","pending"
"launch","launch/launch-05-09-footer.module","Launch - Footer - Standard - Light","local and live","true","","pending"
"launch","launch/launch_belief_list.module","Launch - Text - Belief list - Light","local and live","true","","pending"
"launch","launch/launch_belief_list_dark.module","Launch - Text - Belief list - Dark","local and live","true","","pending"
"launch","launch/launch_collections_grid4.module","Launch - Grid - Collections grid (4) - Light","local and live","true","","pending"
"launch","launch/launch_collections_grid4_dark.module","Launch - Grid - Collections grid (4) - Dark","local and live","true","","pending"
"launch","launch/launch_collections_grid4_teal.module","Launch - Grid - Collections grid (4) - Teal","local and live","true","","pending"
"launch","launch/launch_collections_grid6.module","Launch - Grid - Collections grid (6) - Light","local and live","true","","pending"
"launch","launch/launch_collections_grid6_dark.module","Launch - Grid - Collections grid (6) - Dark","local and live","true","","pending"
"launch","launch/launch_collections_grid6_teal.module","Launch - Grid - Collections grid (6) - Teal","local and live","true","","pending"
"launch","launch/launch_feature_list_5.module","Launch - Text - Five changes - Light","local and live","true","","pending"
"launch","launch/launch_feature_list_5_dark.module","Launch - Text - Five changes - Dark","local and live","true","","pending"
"launch","launch/launch_feature_list_5_teal.module","Launch - Text - Five changes - Teal","local and live","true","","pending"
"launch","launch/launch_final_cta.module","Launch - Button - Final CTA - Light","local and live","true","","pending"
"launch","launch/launch_final_cta_dark.module","Launch - Button - Final CTA - Dark","local and live","true","","pending"
"launch","launch/launch_final_cta_teal.module","Launch - Button - Final CTA - Teal","local and live","true","","pending"
"launch","launch/launch_footer.module","Launch - Footer - Standard - Light","local and live","true","","pending"
"launch","launch/launch_footer_dark.module","Launch - Footer - Standard - Dark","local and live","true","","pending"
"launch","launch/launch_footer_teal.module","Launch - Footer - Standard - Teal","local and live","true","","pending"
"launch","launch/launch_founder_note.module","Launch - Image - Founder note (photo) - Light","local and live","true","","pending"
"launch","launch/launch_founder_note_dark.module","Launch - Image - Founder note (photo) - Dark","local and live","true","","pending"
"launch","launch/launch_founder_note_teal.module","Launch - Image - Founder note (photo) - Teal","local and live","true","","pending"
"launch","launch/launch_founder_pillars.module","Launch - Text - Founder pillars - Light","local and live","true","","pending"
"launch","launch/launch_founder_pillars_dark.module","Launch - Text - Founder pillars - Dark","local and live","true","","pending"
"launch","launch/launch_header.module","Launch - Header - Centered logo - Light","local and live","true","","pending"
"launch","launch/launch_header_dark.module","Launch - Header - Centered logo - Dark","local and live","true","","pending"
"launch","launch/launch_header_teal.module","Launch - Header - Centered logo - Teal","local and live","true","","pending"
"launch","launch/launch_hero_image.module","Launch - Image - Hero image - Light","local and live","true","","pending"
"launch","launch/launch_hero_image_dark.module","Launch - Image - Hero image - Dark","local and live","true","","pending"
"launch","launch/launch_hero_image_teal.module","Launch - Image - Hero image - Teal","local and live","true","","pending"
"launch","launch/launch_offer_discount.module","Launch - Text - Offer discount - Light","local and live","true","","pending"
"launch","launch/launch_offer_discount_dark.module","Launch - Text - Offer discount - Dark","local and live","true","","pending"
"launch","launch/launch_offer_discount_teal.module","Launch - Text - Offer discount - Teal","local and live","true","","pending"
"launch","launch/launch_opening_text.module","Launch - Text - Opening - Light","local and live","true","","pending"
"launch","launch/launch_opening_text_dark.module","Launch - Text - Opening - Dark","local and live","true","","pending"
"launch","launch/launch_opening_text_teal.module","Launch - Text - Opening - Teal","local and live","true","","pending"
"launch","launch/launch_product_grid3.module","Launch - Products - Three product grid - Light","local and live","true","","pending"
"launch","launch/launch_product_grid3_dark.module","Launch - Products - Three product grid - Dark","local and live","true","","pending"
"launch","launch/launch_question_list.module","Launch - Text - Question list - Light","local and live","true","","pending"
"launch","launch/launch_question_list_dark.module","Launch - Text - Question list - Dark","local and live","true","","pending"
"launch","launch/launch_testimonials.module","Launch - List - Testimonials - Light","local and live","true","","pending"
"launch","launch/launch_testimonials_dark.module","Launch - List - Testimonials - Dark","local and live","true","","pending"
"launch","launch/launch_testimonials_teal.module","Launch - List - Testimonials - Teal","local and live","true","","pending"
"launch","launch/launch_trust_strip.module","Launch - List - Trust strip (4-col) - Light","local and live","true","","pending"
"launch","launch/launch_trust_strip_dark.module","Launch - List - Trust strip (4-col) - Dark","local and live","true","","pending"
"launch","launch/launch_trust_strip_teal.module","Launch - List - Trust strip (4-col) - Teal","local and live","true","","pending"
"launch","launch/launch_why_it_matters.module","Launch - Text - Why it matters (stat card) - Light","local and live","true","","pending"
"launch","launch/launch_why_it_matters_dark.module","Launch - Text - Why it matters (stat card) - Dark","local and live","true","","pending"
"launch","launch/launch_why_it_matters_teal.module","Launch - Text - Why it matters (stat card) - Teal","local and live","true","","pending"
"launch","launch/launch_wordmark_pair.module","Launch - Image - Logo system - Light","local and live","true","","pending"
"launch","launch/launch_wordmark_pair_dark.module","Launch - Image - Logo system - Dark","local and live","true","","pending"
"newsletter","newsletter/newsletter_cta_dark.module","Newsletter - Button - Primary CTA - Dark","local and live","true","","pending"
"newsletter","newsletter/newsletter_cta_light.module","Newsletter - Button - Primary CTA - Light","local and live","true","","pending"
"newsletter","newsletter/newsletter_feature_dark.module","Newsletter - Image - Feature story - Dark","local and live","true","","pending"
"newsletter","newsletter/newsletter_feature_light.module","Newsletter - Image - Feature story - Light","local and live","true","","pending"
"newsletter","newsletter/newsletter_footer_dark.module","Newsletter - Footer - Standard - Dark","local and live","true","","pending"
"newsletter","newsletter/newsletter_footer_light.module","Newsletter - Footer - Standard - Light","local and live","true","","pending"
"newsletter","newsletter/newsletter_masthead_dark.module","Newsletter - Text - Masthead - Dark","local and live","true","","pending"
"newsletter","newsletter/newsletter_masthead_light.module","Newsletter - Text - Masthead - Light","local and live","true","","pending"
"newsletter","newsletter/newsletter_pullquote_dark.module","Newsletter - Text - Pull quote - Dark","local and live","true","","pending"
"newsletter","newsletter/newsletter_pullquote_light.module","Newsletter - Text - Pull quote - Light","local and live","true","","pending"
"newsletter","newsletter/newsletter_two_column_dark.module","Newsletter - Two-column - Image and text - Dark","local and live","true","","pending"
"newsletter","newsletter/newsletter_two_column_light.module","Newsletter - Two-column - Image and text - Light","local and live","true","","pending"
