Module File ID,Module Family ID,Module Family,Module Label,Module Path,HubSpot Module ID,Scope,Block Type,Descriptor,Presentation Mode,HubSpot Folder,Local Source Path,Meta Global,Available For New Content,Content Types,Host Template Types,Field Count,Field Names,Field Types,Field Summary,Required Field Count,Locked Field Count,Default Value Coverage,Module HTML Hash,Fields JSON Hash,Meta JSON Hash,Can Be Used In Emails,Deployment Status,Last Local Sync Date,Last HubSpot Fetch Date,Source Of Truth,Brand Status,Compliance Role,Replacement For Legacy Module,Deprecated/Replaced By,Notes
modfile_email_modules_core_base_type_guidance_module,modfam_core_text_base_type_guidance,CORE - Text - Base type guidance,CORE - Text - Base type guidance - Light,email_modules/core/base_type_guidance.module,211677241162,CORE,Text,Base type guidance,Light,core,/Users/vMac/03_agents/Projects/Email Marketing/Email Marketing Studio/hubspot/design-manager/email_modules/core/base_type_guidance.module,False,True,MEMBERSHIP; LANDING_PAGE; SITE_PAGE; SUBSCRIPTION; CUSTOMER_PORTAL; EMAIL; WEB_INTERACTIVE,ANY,2,context; fallback_cta_url,choice; url,Content Context (choice); Fallback CTA URL (when base preference unknown) (url),0,0,2/2,3a3d645705bf8f613395d8090aed6248cc85629699f19a1810c56da013495949,3abba077a3995e539edac22d72262407301049a73317a41118d6f871f4fdef1f,af86829447a28490236fc686945dea153472ee2e6562b98913de94f2c93e04b3,True,Shipped - HubSpot module_id present,2026-07-03,2026-07-03,Email Marketing Studio/hubspot/design-manager/email_modules,"Active module palette/logos, per module cleanup inventory",,,,
modfile_email_modules_core_base_type_guidance_dark_module,modfam_core_text_base_type_guidance,CORE - Text - Base type guidance,CORE - Text - Base type guidance - Dark,email_modules/core/base_type_guidance_dark.module,,CORE,Text,Base type guidance,Dark,core,/Users/vMac/03_agents/Projects/Email Marketing/Email Marketing Studio/hubspot/design-manager/email_modules/core/base_type_guidance_dark.module,False,True,MEMBERSHIP; LANDING_PAGE; SITE_PAGE; SUBSCRIPTION; CUSTOMER_PORTAL; EMAIL; WEB_INTERACTIVE,ANY,2,context; fallback_cta_url,choice; url,Content Context (choice); Fallback CTA URL (when base preference unknown) (url),0,0,2/2,1bea541e2906cb6b792813c0ec73d77d0b0fce72962db6b4e7c46e93524898b0,3abba077a3995e539edac22d72262407301049a73317a41118d6f871f4fdef1f,a9cde95696b965f0bed9e67646596e600bea8ed062df106fffa91673bf7e4183,True,Built active - module_id missing from local meta,2026-07-03,2026-07-03,Email Marketing Studio/hubspot/design-manager/email_modules,"Active module palette/logos, per module cleanup inventory",,,,
modfile_email_modules_core_customer_snapshot_module,modfam_core_text_customer_snapshot,CORE - Text - Customer snapshot,CORE - Text - Customer snapshot - Light,email_modules/core/customer_snapshot.module,211677071918,CORE,Text,Customer snapshot,Light,core,/Users/vMac/03_agents/Projects/Email Marketing/Email Marketing Studio/hubspot/design-manager/email_modules/core/customer_snapshot.module,False,True,MEMBERSHIP; LANDING_PAGE; SITE_PAGE; SUBSCRIPTION; CUSTOMER_PORTAL; EMAIL; WEB_INTERACTIVE,ANY,3,context; cta_url; cta_label,choice; text; url,Content Context (choice); CTA URL (url); CTA Label (text),0,0,3/3,0a03e745054b31b8d34d2d8c6277fd69582122e1559d1a8fb2709e82110ac5dd,a4f7c362405e7b6391c7f8a1b312889bbd635ef674b91fc6ba37c6cad876fef0,1e3d83965aff0317f44af11c3daa139debca5a082baac333f6ecd401632dc635,True,Shipped - HubSpot module_id present,2026-07-03,2026-07-03,Email Marketing Studio/hubspot/design-manager/email_modules,"Active module palette/logos, per module cleanup inventory",,,,
modfile_email_modules_core_customer_snapshot_dark_module,modfam_core_text_customer_snapshot,CORE - Text - Customer snapshot,CORE - Text - Customer snapshot - Dark,email_modules/core/customer_snapshot_dark.module,,CORE,Text,Customer snapshot,Dark,core,/Users/vMac/03_agents/Projects/Email Marketing/Email Marketing Studio/hubspot/design-manager/email_modules/core/customer_snapshot_dark.module,False,True,MEMBERSHIP; LANDING_PAGE; SITE_PAGE; SUBSCRIPTION; CUSTOMER_PORTAL; EMAIL; WEB_INTERACTIVE,ANY,3,context; cta_url; cta_label,choice; text; url,Content Context (choice); CTA URL (url); CTA Label (text),0,0,3/3,f6e2256f584447375d51e9c4c7f735f21ea2663139c37864dd8c12d7cdc6f7c0,a4f7c362405e7b6391c7f8a1b312889bbd635ef674b91fc6ba37c6cad876fef0,4754578333ae380d492a5504cd91d6b7f1b9f3e9cd7c77fce385b508686a932d,True,Built active - module_id missing from local meta,2026-07-03,2026-07-03,Email Marketing Studio/hubspot/design-manager/email_modules,"Active module palette/logos, per module cleanup inventory",,,,
modfile_email_modules_core_email_footer_module,modfam_core_footer_standard,CORE - Footer - Standard,CORE - Footer - Standard - Light,email_modules/core/email_footer.module,211677069610,CORE,Footer,Standard,Light,core,/Users/vMac/03_agents/Projects/Email Marketing/Email Marketing Studio/hubspot/design-manager/email_modules/core/email_footer.module,False,True,MEMBERSHIP; LANDING_PAGE; SITE_PAGE; SUBSCRIPTION; CUSTOMER_PORTAL; EMAIL; WEB_INTERACTIVE,ANY,6,company_name; company_address; instagram_url; facebook_url; youtube_url; privacy_url,text; url,Company name (text); Company address (text); Instagram URL (url); Facebook URL (url); YouTube URL (url); Privacy URL (url),0,0,6/6,eeb00e8dd8694cdd8213b87d13d8e51add24001e1b60fcceac29af634ed7fa5d,fc189f0a973f112c707c3a97d71894c229884aff4da112059d1d3987639eb2ee,0ed415ee766383997bb8fc3b46f33c3bf852df1c708b1a2d4513d52df887c3b2,True,Shipped - HubSpot module_id present,2026-07-03,2026-07-03,Email Marketing Studio/hubspot/design-manager/email_modules,"Active module palette/logos, per module cleanup inventory",,,,
modfile_email_modules_core_email_footer_dark_module,modfam_core_footer_standard,CORE - Footer - Standard,CORE - Footer - Standard - Dark,email_modules/core/email_footer_dark.module,,CORE,Footer,Standard,Dark,core,/Users/vMac/03_agents/Projects/Email Marketing/Email Marketing Studio/hubspot/design-manager/email_modules/core/email_footer_dark.module,False,True,MEMBERSHIP; LANDING_PAGE; SITE_PAGE; SUBSCRIPTION; CUSTOMER_PORTAL; EMAIL; WEB_INTERACTIVE,ANY,6,company_name; company_address; instagram_url; facebook_url; youtube_url; privacy_url,text; url,Company name (text); Company address (text); Instagram URL (url); Facebook URL (url); YouTube URL (url); Privacy URL (url),0,0,6/6,06aa052177cee06a239f352222279b203b584f24ffb85a7f440110b22ddf2a23,fc189f0a973f112c707c3a97d71894c229884aff4da112059d1d3987639eb2ee,c541830ae520340a7f9b80e10c683066759ee97bded2e779cc89d32511fe1e2a,True,Built active - module_id missing from local meta,2026-07-03,2026-07-03,Email Marketing Studio/hubspot/design-manager/email_modules,"Active module palette/logos, per module cleanup inventory",,,,
modfile_email_modules_core_email_header_module,modfam_core_header_centered_logo,CORE - Header - Centered logo,CORE - Header - Centered logo - Light,email_modules/core/email_header.module,211677070766,CORE,Header,Centered logo,Light,core,/Users/vMac/03_agents/Projects/Email Marketing/Email Marketing Studio/hubspot/design-manager/email_modules/core/email_header.module,False,True,EMAIL,ANY,2,logo_image; logo_url,image; url,Logo Image (image); Logo URL (optional) (url),0,0,2/2,18fc430e70a2240902d000bfdf3ca87a5d7ee474c5049b4d856038a0a701f0c0,9de08eff74ad94013b1a63302e8cc39611a78a3b4a3430778bea82fd7074b83c,2987c1c30c0b693b7ceda50d1a12945c060ee34631eb259036fdf140c3b2fd99,True,Shipped - HubSpot module_id present,2026-07-03,2026-07-03,Email Marketing Studio/hubspot/design-manager/email_modules,"Active module palette/logos, per module cleanup inventory",,,,
modfile_email_modules_core_email_header_dark_module,modfam_core_header_centered_logo,CORE - Header - Centered logo,CORE - Header - Centered logo - Dark,email_modules/core/email_header_dark.module,,CORE,Header,Centered logo,Dark,core,/Users/vMac/03_agents/Projects/Email Marketing/Email Marketing Studio/hubspot/design-manager/email_modules/core/email_header_dark.module,False,True,EMAIL,ANY,2,logo_image; logo_url,image; url,Logo Image (image); Logo URL (optional) (url),0,0,2/2,bf56f68695319471b34e610be13c8f3e279eedad9b8e201bd7202a3570a22d0f,4178f880017da3783f55cd54a6b1e86c2ac5ddc0c1fca598372617c5089dfae5,47ba91e7a9e29522856621606442b8392154c6e73b6ab2e48c87e11ffdfc330d,True,Built active - module_id missing from local meta,2026-07-03,2026-07-03,Email Marketing Studio/hubspot/design-manager/email_modules,"Active module palette/logos, per module cleanup inventory",,,,
modfile_email_modules_core_faq_block_module,modfam_core_text_faq_block,CORE - Text - FAQ block,CORE - Text - FAQ block - Light,email_modules/core/faq_block.module,,CORE,Text,FAQ block,Light,core,/Users/vMac/03_agents/Projects/Email Marketing/Email Marketing Studio/hubspot/design-manager/email_modules/core/faq_block.module,False,True,EMAIL,ANY,11,eyebrow; heading; intro_text; question_1; answer_1; question_2; answer_2; question_3; answer_3; question_4; answer_4,richtext; text,Eyebrow (text); Heading (text); Intro text (richtext); Question 1 (text); Answer 1 (richtext); Question 2 (text); Answer 2 (richtext); Question 3 (text); Answer 3 (richtext); Question 4 (text); Answer 4 (richtext),0,0,11/11,7dae1519a87dc0ab464df1ba26e1aff9e8cbcba6ea6079bb66351d2490aeb334,755680b88370dc90c9f9334fee641dde03823e4eaa8429d4a58670353ac46fd4,e2cd708142c28a2c97455fb7444c6fae7c12d9cceea7c28cc0b36a139ca20a7a,True,Built active - module_id missing from local meta,2026-07-03,2026-07-03,Email Marketing Studio/hubspot/design-manager/email_modules,,,,,
modfile_email_modules_core_faq_block_dark_module,modfam_core_text_faq_block,CORE - Text - FAQ block,CORE - Text - FAQ block - Dark,email_modules/core/faq_block_dark.module,,CORE,Text,FAQ block,Dark,core,/Users/vMac/03_agents/Projects/Email Marketing/Email Marketing Studio/hubspot/design-manager/email_modules/core/faq_block_dark.module,False,True,EMAIL,ANY,11,eyebrow; heading; intro_text; question_1; answer_1; question_2; answer_2; question_3; answer_3; question_4; answer_4,richtext; text,Eyebrow (text); Heading (text); Intro text (richtext); Question 1 (text); Answer 1 (richtext); Question 2 (text); Answer 2 (richtext); Question 3 (text); Answer 3 (richtext); Question 4 (text); Answer 4 (richtext),0,0,11/11,bd30dad112dd8adccf6b3979f29fc1183000cd1fa2c2a772f7204c31a279aefa,755680b88370dc90c9f9334fee641dde03823e4eaa8429d4a58670353ac46fd4,9fe8da9e041ce892494e1e2ad76b0ab79b802d89074335dee83e86e367e8f417,True,Built active - module_id missing from local meta,2026-07-03,2026-07-03,Email Marketing Studio/hubspot/design-manager/email_modules,,,,,
modfile_email_modules_core_goal_based_recommendation_module,modfam_core_products_goal_based_recommendation,CORE - Products - Goal-based recommendation,CORE - Products - Goal-based recommendation - Light,email_modules/core/goal_based_recommendation.module,211677241166,CORE,Products,Goal-based recommendation,Light,core,/Users/vMac/03_agents/Projects/Email Marketing/Email Marketing Studio/hubspot/design-manager/email_modules/core/goal_based_recommendation.module,False,True,MEMBERSHIP; LANDING_PAGE; SITE_PAGE; SUBSCRIPTION; CUSTOMER_PORTAL; EMAIL; WEB_INTERACTIVE,ANY,2,heading; fallback_body,richtext; text,Section Heading (text); Fallback Body (no goal set) (richtext),0,0,2/2,be8d81998f98faf186633483273345a9459db062e6050ad0876ad9a99a6e51ec,bc1479498cbb63e794f0fe64358b60f190c8db6eefedd81922bd34275f12e838,dc9aae2d23904bd3769509b76e0721b2bc4bf3e40e5d0e2e54488e331ecec7af,True,Shipped - HubSpot module_id present,2026-07-03,2026-07-03,Email Marketing Studio/hubspot/design-manager/email_modules,"Active module palette/logos, per module cleanup inventory",,,,
modfile_email_modules_core_goal_based_recommendation_dark_module,modfam_core_products_goal_based_recommendation,CORE - Products - Goal-based recommendation,CORE - Products - Goal-based recommendation - Dark,email_modules/core/goal_based_recommendation_dark.module,,CORE,Products,Goal-based recommendation,Dark,core,/Users/vMac/03_agents/Projects/Email Marketing/Email Marketing Studio/hubspot/design-manager/email_modules/core/goal_based_recommendation_dark.module,False,True,MEMBERSHIP; LANDING_PAGE; SITE_PAGE; SUBSCRIPTION; CUSTOMER_PORTAL; EMAIL; WEB_INTERACTIVE,ANY,2,heading; fallback_body,richtext; text,Section Heading (text); Fallback Body (no goal set) (richtext),0,0,2/2,0533b4aa7e2fb7a0d7c803ada437d7b14996521eb2da669f60776597c7b40184,bc1479498cbb63e794f0fe64358b60f190c8db6eefedd81922bd34275f12e838,ef89ba11bae214e9be89c6f0ceb4bd3fb7bc27b1753f811edd42a9c584b1252e,True,Built active - module_id missing from local meta,2026-07-03,2026-07-03,Email Marketing Studio/hubspot/design-manager/email_modules,"Active module palette/logos, per module cleanup inventory",,,,
modfile_email_modules_core_hero_module,modfam_core_text_hero,CORE - Text - Hero,CORE - Text - Hero - Light,email_modules/core/hero.module,,CORE,Text,Hero,Light,core,/Users/vMac/03_agents/Projects/Email Marketing/Email Marketing Studio/hubspot/design-manager/email_modules/core/hero.module,False,True,EMAIL,ANY,6,eyebrow; heading; body_text; primary_cta_label; primary_cta_url; supporting_note,richtext; text; url,Eyebrow (text); Heading (text); Body (richtext); Primary CTA label (text); Primary CTA URL (url); Supporting note (text),0,0,6/6,e5146cea5f597c4c7905d32709cea869cb09e50a6ecb504c6aca61fed5df7e85,4aee9c7f9a0e6a27dac0b1971d2fd8fd9f067ef4f963a1c7f5cfab5a9e3b8826,1b62541e3c4292500660f1e3dc79161fe41ed2859a6f76224d71c023183ebacf,True,Built active - module_id missing from local meta,2026-07-03,2026-07-03,Email Marketing Studio/hubspot/design-manager/email_modules,,,,,
modfile_email_modules_core_hero_dark_module,modfam_core_text_hero,CORE - Text - Hero,CORE - Text - Hero - Dark,email_modules/core/hero_dark.module,,CORE,Text,Hero,Dark,core,/Users/vMac/03_agents/Projects/Email Marketing/Email Marketing Studio/hubspot/design-manager/email_modules/core/hero_dark.module,False,True,EMAIL,ANY,6,eyebrow; heading; body_text; primary_cta_label; primary_cta_url; supporting_note,richtext; text; url,Eyebrow (text); Heading (text); Body (richtext); Primary CTA label (text); Primary CTA URL (url); Supporting note (text),0,0,6/6,f4b51d79e30cb83160217e6f5fe3a9caabe30abacbe5401ad8f6fe72fe1ec369,4aee9c7f9a0e6a27dac0b1971d2fd8fd9f067ef4f963a1c7f5cfab5a9e3b8826,d68c04d8a01b28d43b65fd5c3d5d03af1410c889dad75ee4585eea7432585b87,True,Built active - module_id missing from local meta,2026-07-03,2026-07-03,Email Marketing Studio/hubspot/design-manager/email_modules,,,,,
modfile_email_modules_core_lifespan_next_step_module,modfam_core_text_lifespan_next_step,CORE - Text - Lifespan next step,CORE - Text - Lifespan next step - Light,email_modules/core/lifespan_next_step.module,211677071921,CORE,Text,Lifespan next step,Light,core,/Users/vMac/03_agents/Projects/Email Marketing/Email Marketing Studio/hubspot/design-manager/email_modules/core/lifespan_next_step.module,False,True,MEMBERSHIP; LANDING_PAGE; SITE_PAGE; SUBSCRIPTION; CUSTOMER_PORTAL; EMAIL; WEB_INTERACTIVE,ANY,2,reorder_cta_url; consultation_cta_url,url,Reorder CTA URL (url); Upgrade/Consultation CTA URL (url),0,0,2/2,4fe081c759dafc3367bfc145bcc2808c5b84c0ffb4547a3011b7aa72eeafeed5,143494382beaa1e0722eeca69904ff33102c8176e14b4f15564d71e9ddb2ada8,356c415a26019f87c867026aff55a455eb7b48e3fb6f6a3234b97f9cb790d3e4,True,Shipped - HubSpot module_id present,2026-07-03,2026-07-03,Email Marketing Studio/hubspot/design-manager/email_modules,"Active module palette/logos, per module cleanup inventory",,,,
modfile_email_modules_core_lifespan_next_step_dark_module,modfam_core_text_lifespan_next_step,CORE - Text - Lifespan next step,CORE - Text - Lifespan next step - Dark,email_modules/core/lifespan_next_step_dark.module,,CORE,Text,Lifespan next step,Dark,core,/Users/vMac/03_agents/Projects/Email Marketing/Email Marketing Studio/hubspot/design-manager/email_modules/core/lifespan_next_step_dark.module,False,True,MEMBERSHIP; LANDING_PAGE; SITE_PAGE; SUBSCRIPTION; CUSTOMER_PORTAL; EMAIL; WEB_INTERACTIVE,ANY,2,reorder_cta_url; consultation_cta_url,url,Reorder CTA URL (url); Upgrade/Consultation CTA URL (url),0,0,2/2,3b52a2081a4661e0bfa9f017b892dac7256038d0f25d48fd3d7308c74f48c5dc,143494382beaa1e0722eeca69904ff33102c8176e14b4f15564d71e9ddb2ada8,5d6628281fdbe7f3f2d9cd0acd1d0f6317ad1bfc1afb6fd3c36220d9d941fc1b,True,Built active - module_id missing from local meta,2026-07-03,2026-07-03,Email Marketing Studio/hubspot/design-manager/email_modules,"Active module palette/logos, per module cleanup inventory",,,,
modfile_email_modules_core_proof_module,modfam_core_text_proof,CORE - Text - Proof,CORE - Text - Proof - Light,email_modules/core/proof.module,,CORE,Text,Proof,Light,core,/Users/vMac/03_agents/Projects/Email Marketing/Email Marketing Studio/hubspot/design-manager/email_modules/core/proof.module,False,True,EMAIL,ANY,9,eyebrow; heading; body_text; proof_1_label; proof_1_text; proof_2_label; proof_2_text; proof_3_label; proof_3_text,richtext; text,Eyebrow (text); Heading (text); Body (richtext); Proof 1 label (text); Proof 1 text (text); Proof 2 label (text); Proof 2 text (text); Proof 3 label (text); Proof 3 text (text),0,0,9/9,7e62332440c467691d7f2ab718086f5fb83b640b40574edadc313832c9cf4080,7928ac7d79c2f85f2ff3b6ec56f901b432bafe42a6e33b27f18aaee5151d327c,01ca42bd4f12138d14ec36a33175c4cc4aa28cd31abc1440b47033113dfbec08,True,Built active - module_id missing from local meta,2026-07-03,2026-07-03,Email Marketing Studio/hubspot/design-manager/email_modules,,,,,
modfile_email_modules_core_proof_dark_module,modfam_core_text_proof,CORE - Text - Proof,CORE - Text - Proof - Dark,email_modules/core/proof_dark.module,,CORE,Text,Proof,Dark,core,/Users/vMac/03_agents/Projects/Email Marketing/Email Marketing Studio/hubspot/design-manager/email_modules/core/proof_dark.module,False,True,EMAIL,ANY,9,eyebrow; heading; body_text; proof_1_label; proof_1_text; proof_2_label; proof_2_text; proof_3_label; proof_3_text,richtext; text,Eyebrow (text); Heading (text); Body (richtext); Proof 1 label (text); Proof 1 text (text); Proof 2 label (text); Proof 2 text (text); Proof 3 label (text); Proof 3 text (text),0,0,9/9,dd188949d8609cdcaef5274a823eba5a5c5a2171efe841c8c43e3b5a58d05d3f,7928ac7d79c2f85f2ff3b6ec56f901b432bafe42a6e33b27f18aaee5151d327c,ee4e4e2c95b29737fcb07ea6db8bf70b285f0ec7c87c8eba50ebf44b70d9a2c4,True,Built active - module_id missing from local meta,2026-07-03,2026-07-03,Email Marketing Studio/hubspot/design-manager/email_modules,,,,,
modfile_email_modules_core_reassurance_module,modfam_core_text_reassurance,CORE - Text - Reassurance,CORE - Text - Reassurance - Light,email_modules/core/reassurance.module,,CORE,Text,Reassurance,Light,core,/Users/vMac/03_agents/Projects/Email Marketing/Email Marketing Studio/hubspot/design-manager/email_modules/core/reassurance.module,False,True,EMAIL,ANY,9,eyebrow; heading; body_text; point_1_label; point_1_text; point_2_label; point_2_text; point_3_label; point_3_text,richtext; text,Eyebrow (text); Heading (text); Body (richtext); Point 1 label (text); Point 1 text (text); Point 2 label (text); Point 2 text (text); Point 3 label (text); Point 3 text (text),0,0,9/9,167fe73fad6577ba3103f9be5f4052a06bf069f7ee00e167cefd423eeba513dd,f3e0ba9d6131010ef2d0f7dd042eb0961c837f6b6b3a1e44438fafc898dc71ee,187584b48965ac44c39d6f694af828e3d7c2e3676e9840bd6df9398d16e8dd74,True,Built active - module_id missing from local meta,2026-07-03,2026-07-03,Email Marketing Studio/hubspot/design-manager/email_modules,,,,,
modfile_email_modules_core_reassurance_dark_module,modfam_core_text_reassurance,CORE - Text - Reassurance,CORE - Text - Reassurance - Dark,email_modules/core/reassurance_dark.module,,CORE,Text,Reassurance,Dark,core,/Users/vMac/03_agents/Projects/Email Marketing/Email Marketing Studio/hubspot/design-manager/email_modules/core/reassurance_dark.module,False,True,EMAIL,ANY,9,eyebrow; heading; body_text; point_1_label; point_1_text; point_2_label; point_2_text; point_3_label; point_3_text,richtext; text,Eyebrow (text); Heading (text); Body (richtext); Point 1 label (text); Point 1 text (text); Point 2 label (text); Point 2 text (text); Point 3 label (text); Point 3 text (text),0,0,9/9,5d239a6a92ae5ba0b44616a11a78ba3c6a1d6adbc7ddf8eaf706213d0792f9ed,f3e0ba9d6131010ef2d0f7dd042eb0961c837f6b6b3a1e44438fafc898dc71ee,445286d98713c10337770a6352b314bf4a3ff56f559e759f931dec03b7eaa376,True,Built active - module_id missing from local meta,2026-07-03,2026-07-03,Email Marketing Studio/hubspot/design-manager/email_modules,,,,,
modfile_email_modules_launch_launch_01_01_header_module,modfam_launch_01_01_header,launch-01-01-header,launch-01-01-header,email_modules/launch/launch-01-01-header.module,,,,,,launch,/Users/vMac/03_agents/Projects/Email Marketing/Email Marketing Studio/hubspot/design-manager/email_modules/launch/launch-01-01-header.module,False,True,EMAIL,ANY,2,logo_image; logo_url,image; url,Logo Image (image); Logo URL (optional) (url),0,0,2/2,e12ab33d0cf4f5b8e5ee368cd7c3727d764ae2af6bac8a9eb342c81fecf63b56,4178f880017da3783f55cd54a6b1e86c2ac5ddc0c1fca598372617c5089dfae5,cc8c39c7b1b01be487718edc759e680bc8ed8fc50a1a98ca45eab4c85980fcaf,True,Built active - module_id missing from local meta,2026-07-03,2026-07-03,Email Marketing Studio/hubspot/design-manager/email_modules,,,,,
modfile_email_modules_launch_launch_01_02_hero_image_module,modfam_launch_01_02_hero_image,launch-01-02-hero-image,launch-01-02-hero-image,email_modules/launch/launch-01-02-hero-image.module,,,,,,launch,/Users/vMac/03_agents/Projects/Email Marketing/Email Marketing Studio/hubspot/design-manager/email_modules/launch/launch-01-02-hero-image.module,False,True,EMAIL,ANY,6,image; eyebrow; headline; body_text; button_text; button_url,image; richtext; text; url,Hero Image (image); Eyebrow (text); Headline (text); Body (richtext); Button Text (text); Button URL (url),0,0,6/6,a1c9aec0c06787f15a97a16f33a6f2b504ef7ce7554e6e16531da7898d183d04,57d6840648af0f56efc03632774bb8220675b02d71dc714e320fc938c186d704,6c33b263dd78d26d440786a0d9bb495d200e13b117dc1b9afb5ccfe840ee0f7c,True,Built active - module_id missing from local meta,2026-07-03,2026-07-03,Email Marketing Studio/hubspot/design-manager/email_modules,,,,,
modfile_email_modules_launch_launch_01_03_opening_text_module,modfam_launch_01_03_opening_text,launch-01-03-opening-text,launch-01-03-opening-text,email_modules/launch/launch-01-03-opening-text.module,,,,,,launch,/Users/vMac/03_agents/Projects/Email Marketing/Email Marketing Studio/hubspot/design-manager/email_modules/launch/launch-01-03-opening-text.module,False,True,EMAIL,ANY,10,eyebrow; heading; body_text; question_1; question_2; question_3; question_4; question_5; question_6; closing_text,richtext; text,Eyebrow (text); Heading (text); Body (richtext); Question 1 (text); Question 2 (text); Question 3 (text); Question 4 (text); Question 5 (text); Question 6 (text); Closing text (richtext),0,0,10/10,89e9ed78f0fb864468854c371995fb1a08f2fff0c93679e7a024536eae136341,beb2cd67b08d5e98c4a4cf0b0057fc6d762d55328c31be8e73a2e7e61870aa8d,489c6155efd7a18a702438f2c38fe484eeca96395d6ef62da2809b28ea5ccfa4,True,Built active - module_id missing from local meta,2026-07-03,2026-07-03,Email Marketing Studio/hubspot/design-manager/email_modules,,,,,
modfile_email_modules_launch_launch_01_04_logo_pair_module,modfam_launch_01_04_logo_pair,launch-01-04-logo-pair,launch-01-04-logo-pair,email_modules/launch/launch-01-04-logo-pair.module,,,,,,launch,/Users/vMac/03_agents/Projects/Email Marketing/Email Marketing Studio/hubspot/design-manager/email_modules/launch/launch-01-04-logo-pair.module,False,True,EMAIL,ANY,6,left_label; left_image; left_caption; right_label; right_image; right_caption,image; text,Left label (text); Left logo/image (image); Left caption (text); Right label (text); Right logo/image (image); Right caption (text),0,0,6/6,5adc742d3967becd6b227fa0ee3e8338422a28b7a07ace049020c8cd6118fabf,1b4cbc71598b063d369558ec82574775c9969c90025438a27aa99b2491e07516,0aa353de28a30a0253269a943358fff793bf1079305b4978f3a37cf941781077,True,Built active - module_id missing from local meta,2026-07-03,2026-07-03,Email Marketing Studio/hubspot/design-manager/email_modules,,,,,
modfile_email_modules_launch_launch_01_05_five_changes_module,modfam_launch_01_05_five_changes,launch-01-05-five-changes,launch-01-05-five-changes,email_modules/launch/launch-01-05-five-changes.module,,,,,,launch,/Users/vMac/03_agents/Projects/Email Marketing/Email Marketing Studio/hubspot/design-manager/email_modules/launch/launch-01-05-five-changes.module,False,True,EMAIL,ANY,13,eyebrow; heading; intro; item_1_title; item_1_text; item_2_title; item_2_text; item_3_title; item_3_text; item_4_title; item_4_text; item_5_title; item_5_text,richtext; text,Eyebrow (text); Heading (text); Intro (richtext); Item 1 title (text); Item 1 text (richtext); Item 2 title (text); Item 2 text (richtext); Item 3 title (text); Item 3 text (richtext); Item 4 title (text); Item 4 text (richtext); Item 5 title (text); Item 5 text (richtext),0,0,13/13,483eb7f0742de49d18ac28c09869e001174badb0709c254d7f1577e99798a01b,864be8e70e613021ebe482a98b1739d463e442cc3cd7ea6f139a6e8a2e069604,d3fd6293d9815e1ae5e563000599fe54ac3383b2ffe4bca2f0dd8c1a2a24831e,True,Built active - module_id missing from local meta,2026-07-03,2026-07-03,Email Marketing Studio/hubspot/design-manager/email_modules,,,,,
modfile_email_modules_launch_launch_01_06_founder_story_module,modfam_launch_01_06_founder_story,launch-01-06-founder-story,launch-01-06-founder-story,email_modules/launch/launch-01-06-founder-story.module,,,,,,launch,/Users/vMac/03_agents/Projects/Email Marketing/Email Marketing Studio/hubspot/design-manager/email_modules/launch/launch-01-06-founder-story.module,False,True,EMAIL,ANY,9,eyebrow; heading; body_text; pillar_1; pillar_2; pillar_3; pillar_4; person_name; role,richtext; text,Eyebrow (text); Heading (text); Body (richtext); Pillar 1 (text); Pillar 2 (text); Pillar 3 (text); Pillar 4 (text); Name (text); Role / title (text),0,0,9/9,aa93c9c1d23acb2b29f512f7ae68cefb7fc8054f63ef227e3b0a8300de17d6f7,66fae153a72e1c670149561520c5b723448e6c950af350befb2bf4c198617d41,4641760d9e17d1f8ecad65c6ee30578f8b1f1dd8aba1cbf3f32b053510698d82,True,Built active - module_id missing from local meta,2026-07-03,2026-07-03,Email Marketing Studio/hubspot/design-manager/email_modules,,,,,
modfile_email_modules_launch_launch_01_07_products_3_module,modfam_launch_01_07_products_3,launch-01-07-products-3,launch-01-07-products-3,email_modules/launch/launch-01-07-products-3.module,,,,,,launch,/Users/vMac/03_agents/Projects/Email Marketing/Email Marketing Studio/hubspot/design-manager/email_modules/launch/launch-01-07-products-3.module,False,True,EMAIL,ANY,12,eyebrow; heading; body_text; product_1_image; product_1_title; product_1_text; product_2_image; product_2_title; product_2_text; product_3_image; product_3_title; product_3_text,image; richtext; text,Eyebrow (text); Heading (text); Body (richtext); Product 1 image (image); Product 1 title (text); Product 1 text (richtext); Product 2 image (image); Product 2 title (text); Product 2 text (richtext); Product 3 image (image); Product 3 title (text); Product 3 text (richtext),0,0,12/12,39564e553aa1b9351a3bfea598372d46393144d3ab1e5cc40591d9255253f54d,9833c2cc80400312ab699ba2587e056291b492fccd997b77bbbe79f0e9149ca5,e58880f29bcf65869bd36a093383750e98a0651a102f80775a1a80a5fd1f5799,True,Built active - module_id missing from local meta,2026-07-03,2026-07-03,Email Marketing Studio/hubspot/design-manager/email_modules,,,,,
modfile_email_modules_launch_launch_01_08_final_cta_module,modfam_launch_01_08_final_cta,launch-01-08-final-cta,launch-01-08-final-cta,email_modules/launch/launch-01-08-final-cta.module,,,,,,launch,/Users/vMac/03_agents/Projects/Email Marketing/Email Marketing Studio/hubspot/design-manager/email_modules/launch/launch-01-08-final-cta.module,False,True,EMAIL,ANY,4,headline; body_text; button_text; button_url,richtext; text; url,Headline (text); Body (richtext); Button Text (text); Button URL (url),0,0,4/4,2444a94c20a4c2700c74e102428abc1e0fca40b47b623e1b264f90dd804119b0,edaf1adba498514f175fab7dce6ad449a3ba8f4c54861199f7259001090bb241,280e20849c64b37944bbcf87974ab1422b918fb3fa81f10bfad72b6c8966d1c9,True,Built active - module_id missing from local meta,2026-07-03,2026-07-03,Email Marketing Studio/hubspot/design-manager/email_modules,,,,,
modfile_email_modules_launch_launch_01_09_footer_module,modfam_launch_01_09_footer,launch-01-09-footer,launch-01-09-footer,email_modules/launch/launch-01-09-footer.module,,,,,,launch,/Users/vMac/03_agents/Projects/Email Marketing/Email Marketing Studio/hubspot/design-manager/email_modules/launch/launch-01-09-footer.module,False,True,EMAIL,ANY,6,company_name; company_address; instagram_url; facebook_url; youtube_url; privacy_url,text; url,Company name (text); Company address (text); Instagram URL (url); Facebook URL (url); YouTube URL (url); Privacy URL (url),0,0,6/6,11a8fc10abde821fa2441b2a48c1cd67ba87fd4bb89abb5c86f829c133a33cf1,c95115cfa1dc23743969e383f97ffcd8da37332197a3bcefd258fdabc0d1f22b,671b45495d21ae3f990d7763cbc9a4dba5ae075813dd8b94a5238ba243e2c7f2,True,Built active - module_id missing from local meta,2026-07-03,2026-07-03,Email Marketing Studio/hubspot/design-manager/email_modules,,,,,
modfile_email_modules_launch_launch_02_01_header_module,modfam_launch_02_01_header,launch-02-01-header,launch-02-01-header,email_modules/launch/launch-02-01-header.module,,,,,,launch,/Users/vMac/03_agents/Projects/Email Marketing/Email Marketing Studio/hubspot/design-manager/email_modules/launch/launch-02-01-header.module,False,True,EMAIL,ANY,2,logo_image; logo_url,image; url,Logo Image (image); Logo URL (optional) (url),0,0,2/2,e12ab33d0cf4f5b8e5ee368cd7c3727d764ae2af6bac8a9eb342c81fecf63b56,4178f880017da3783f55cd54a6b1e86c2ac5ddc0c1fca598372617c5089dfae5,64f81bfb7c4509799665c91fe99ec232ed9084592641820c98cd4fe24d41cb17,True,Built active - module_id missing from local meta,2026-07-03,2026-07-03,Email Marketing Studio/hubspot/design-manager/email_modules,,,,,
modfile_email_modules_launch_launch_02_02_hero_image_module,modfam_launch_02_02_hero_image,launch-02-02-hero-image,launch-02-02-hero-image,email_modules/launch/launch-02-02-hero-image.module,,,,,,launch,/Users/vMac/03_agents/Projects/Email Marketing/Email Marketing Studio/hubspot/design-manager/email_modules/launch/launch-02-02-hero-image.module,False,True,EMAIL,ANY,6,image; eyebrow; headline; body_text; button_text; button_url,image; richtext; text; url,Hero Image (image); Eyebrow (text); Headline (text); Body (richtext); Button Text (text); Button URL (url),0,0,6/6,a1c9aec0c06787f15a97a16f33a6f2b504ef7ce7554e6e16531da7898d183d04,817d637eacf71fe9a36f3fa27fd241f9d00d46ae98b682b40150e8b05adf7e24,7e3cb67cf14e467bb5844355a31df8a3e80e25912ccd3f60cb39c0cfaae00579,True,Built active - module_id missing from local meta,2026-07-03,2026-07-03,Email Marketing Studio/hubspot/design-manager/email_modules,,,,,
modfile_email_modules_launch_launch_02_03_offer_module,modfam_launch_02_03_offer,launch-02-03-offer,launch-02-03-offer,email_modules/launch/launch-02-03-offer.module,,,,,,launch,/Users/vMac/03_agents/Projects/Email Marketing/Email Marketing Studio/hubspot/design-manager/email_modules/launch/launch-02-03-offer.module,False,True,EMAIL,ANY,4,headline; body_text; button_text; button_url,richtext; text; url,Headline (text); Body (richtext); Button Text (text); Button URL (url),0,0,4/4,2444a94c20a4c2700c74e102428abc1e0fca40b47b623e1b264f90dd804119b0,06b1df49af62583bac743bdcde0e0b4bc0a3fd5367d89bed8678745c038a88b4,c47f8c2a73858bea2b783abe3eb3d76307e55c898191423739bcc96c236a04f9,True,Built active - module_id missing from local meta,2026-07-03,2026-07-03,Email Marketing Studio/hubspot/design-manager/email_modules,,,,,
modfile_email_modules_launch_launch_02_04_five_changes_module,modfam_launch_02_04_five_changes,launch-02-04-five-changes,launch-02-04-five-changes,email_modules/launch/launch-02-04-five-changes.module,,,,,,launch,/Users/vMac/03_agents/Projects/Email Marketing/Email Marketing Studio/hubspot/design-manager/email_modules/launch/launch-02-04-five-changes.module,False,True,EMAIL,ANY,13,eyebrow; heading; intro; item_1_title; item_1_text; item_2_title; item_2_text; item_3_title; item_3_text; item_4_title; item_4_text; item_5_title; item_5_text,richtext; text,Eyebrow (text); Heading (text); Intro (richtext); Item 1 title (text); Item 1 text (richtext); Item 2 title (text); Item 2 text (richtext); Item 3 title (text); Item 3 text (richtext); Item 4 title (text); Item 4 text (richtext); Item 5 title (text); Item 5 text (richtext),0,0,13/13,7d6c3171125e8d7b296283969dfb89912b339d4ccc40b3dbf9a5fe3792ae4b2f,ce5f6f7d4fb8f79d99f92a339380c14658b5037591712e1d4d4de994a3f302e7,64bd772ec67bd63334d4d29deea23b2640155da757882fde7bbe2822a9b1eaba,True,Built active - module_id missing from local meta,2026-07-03,2026-07-03,Email Marketing Studio/hubspot/design-manager/email_modules,,,,,
modfile_email_modules_launch_launch_02_05_products_3_module,modfam_launch_02_05_products_3,launch-02-05-products-3,launch-02-05-products-3,email_modules/launch/launch-02-05-products-3.module,,,,,,launch,/Users/vMac/03_agents/Projects/Email Marketing/Email Marketing Studio/hubspot/design-manager/email_modules/launch/launch-02-05-products-3.module,False,True,EMAIL,ANY,12,eyebrow; heading; body_text; product_1_image; product_1_title; product_1_text; product_2_image; product_2_title; product_2_text; product_3_image; product_3_title; product_3_text,image; richtext; text,Eyebrow (text); Heading (text); Body (richtext); Product 1 image (image); Product 1 title (text); Product 1 text (richtext); Product 2 image (image); Product 2 title (text); Product 2 text (richtext); Product 3 image (image); Product 3 title (text); Product 3 text (richtext),0,0,12/12,39564e553aa1b9351a3bfea598372d46393144d3ab1e5cc40591d9255253f54d,9833c2cc80400312ab699ba2587e056291b492fccd997b77bbbe79f0e9149ca5,d2e8211793971724efb25d7d27096f3104d7b826a5450d43cee4939f6aa31da2,True,Built active - module_id missing from local meta,2026-07-03,2026-07-03,Email Marketing Studio/hubspot/design-manager/email_modules,,,,,
modfile_email_modules_launch_launch_02_06_founder_note_module,modfam_launch_02_06_founder_note,launch-02-06-founder-note,launch-02-06-founder-note,email_modules/launch/launch-02-06-founder-note.module,,,,,,launch,/Users/vMac/03_agents/Projects/Email Marketing/Email Marketing Studio/hubspot/design-manager/email_modules/launch/launch-02-06-founder-note.module,False,True,EMAIL,ANY,9,eyebrow; heading; body_text; pillar_1; pillar_2; pillar_3; pillar_4; person_name; role,richtext; text,Eyebrow (text); Heading (text); Body (richtext); Pillar 1 (text); Pillar 2 (text); Pillar 3 (text); Pillar 4 (text); Name (text); Role / title (text),0,0,9/9,aa93c9c1d23acb2b29f512f7ae68cefb7fc8054f63ef227e3b0a8300de17d6f7,515990f898c2ec5cfd8775b5b924e7608dd05ca151ca31890f2696aa6a0239cb,1415ad3d95236ea03509b1654b9d53f969f9cb0854d373605204f08ea44ecf33,True,Built active - module_id missing from local meta,2026-07-03,2026-07-03,Email Marketing Studio/hubspot/design-manager/email_modules,,,,,
modfile_email_modules_launch_launch_02_07_final_cta_module,modfam_launch_02_07_final_cta,launch-02-07-final-cta,launch-02-07-final-cta,email_modules/launch/launch-02-07-final-cta.module,,,,,,launch,/Users/vMac/03_agents/Projects/Email Marketing/Email Marketing Studio/hubspot/design-manager/email_modules/launch/launch-02-07-final-cta.module,False,True,EMAIL,ANY,4,headline; body_text; button_text; button_url,richtext; text; url,Headline (text); Body (richtext); Button Text (text); Button URL (url),0,0,4/4,2444a94c20a4c2700c74e102428abc1e0fca40b47b623e1b264f90dd804119b0,06b1df49af62583bac743bdcde0e0b4bc0a3fd5367d89bed8678745c038a88b4,92dcfaec472bce555735ac868d7287d815a58a5159f5571eba4a354cc86c2d98,True,Built active - module_id missing from local meta,2026-07-03,2026-07-03,Email Marketing Studio/hubspot/design-manager/email_modules,,,,,
modfile_email_modules_launch_launch_02_08_footer_module,modfam_launch_02_08_footer,launch-02-08-footer,launch-02-08-footer,email_modules/launch/launch-02-08-footer.module,,,,,,launch,/Users/vMac/03_agents/Projects/Email Marketing/Email Marketing Studio/hubspot/design-manager/email_modules/launch/launch-02-08-footer.module,False,True,EMAIL,ANY,6,company_name; company_address; instagram_url; facebook_url; youtube_url; privacy_url,text; url,Company name (text); Company address (text); Instagram URL (url); Facebook URL (url); YouTube URL (url); Privacy URL (url),0,0,6/6,11a8fc10abde821fa2441b2a48c1cd67ba87fd4bb89abb5c86f829c133a33cf1,c95115cfa1dc23743969e383f97ffcd8da37332197a3bcefd258fdabc0d1f22b,9e30dd5137ed6d6c5c2ac0867ae6b83f4057aac826158c425535159672bd4350,True,Built active - module_id missing from local meta,2026-07-03,2026-07-03,Email Marketing Studio/hubspot/design-manager/email_modules,,,,,
modfile_email_modules_launch_launch_03_01_header_module,modfam_launch_03_01_header,launch-03-01-header,launch-03-01-header,email_modules/launch/launch-03-01-header.module,,,,,,launch,/Users/vMac/03_agents/Projects/Email Marketing/Email Marketing Studio/hubspot/design-manager/email_modules/launch/launch-03-01-header.module,False,True,EMAIL,ANY,2,logo_image; logo_url,image; url,Logo Image (image); Logo URL (optional) (url),0,0,2/2,e12ab33d0cf4f5b8e5ee368cd7c3727d764ae2af6bac8a9eb342c81fecf63b56,4178f880017da3783f55cd54a6b1e86c2ac5ddc0c1fca598372617c5089dfae5,0b2770cac52df8ca9a4d281891f1412f262b2e6ff11a8643a560858cae1a2597,True,Built active - module_id missing from local meta,2026-07-03,2026-07-03,Email Marketing Studio/hubspot/design-manager/email_modules,,,,,
modfile_email_modules_launch_launch_03_02_hero_image_module,modfam_launch_03_02_hero_image,launch-03-02-hero-image,launch-03-02-hero-image,email_modules/launch/launch-03-02-hero-image.module,,,,,,launch,/Users/vMac/03_agents/Projects/Email Marketing/Email Marketing Studio/hubspot/design-manager/email_modules/launch/launch-03-02-hero-image.module,False,True,EMAIL,ANY,6,image; eyebrow; headline; body_text; button_text; button_url,image; richtext; text; url,Hero Image (image); Eyebrow (text); Headline (text); Body (richtext); Button Text (text); Button URL (url),0,0,6/6,a1c9aec0c06787f15a97a16f33a6f2b504ef7ce7554e6e16531da7898d183d04,a7357b5914b4df7e7d7586a626e5f996f683c63d8a919efcdddd7641df57140d,08d3246d90647f5698b631268c074a570c5cbbaf3f23f372133b4f7c9f8d1459,True,Built active - module_id missing from local meta,2026-07-03,2026-07-03,Email Marketing Studio/hubspot/design-manager/email_modules,,,,,
modfile_email_modules_launch_launch_03_03_offer_module,modfam_launch_03_03_offer,launch-03-03-offer,launch-03-03-offer,email_modules/launch/launch-03-03-offer.module,,,,,,launch,/Users/vMac/03_agents/Projects/Email Marketing/Email Marketing Studio/hubspot/design-manager/email_modules/launch/launch-03-03-offer.module,False,True,EMAIL,ANY,4,headline; body_text; button_text; button_url,richtext; text; url,Headline (text); Body (richtext); Button Text (text); Button URL (url),0,0,4/4,2444a94c20a4c2700c74e102428abc1e0fca40b47b623e1b264f90dd804119b0,d4f7588f371c08db28ce4dc481850e7fac68a0e34aa1e6824bcc551681571cc9,bb366aceac6d763592d4d6c5252ecff9e6b9f6bd7a858699a1283b129ab95124,True,Built active - module_id missing from local meta,2026-07-03,2026-07-03,Email Marketing Studio/hubspot/design-manager/email_modules,,,,,
modfile_email_modules_launch_launch_03_04_five_changes_module,modfam_launch_03_04_five_changes,launch-03-04-five-changes,launch-03-04-five-changes,email_modules/launch/launch-03-04-five-changes.module,,,,,,launch,/Users/vMac/03_agents/Projects/Email Marketing/Email Marketing Studio/hubspot/design-manager/email_modules/launch/launch-03-04-five-changes.module,False,True,EMAIL,ANY,13,eyebrow; heading; intro; item_1_title; item_1_text; item_2_title; item_2_text; item_3_title; item_3_text; item_4_title; item_4_text; item_5_title; item_5_text,richtext; text,Eyebrow (text); Heading (text); Intro (richtext); Item 1 title (text); Item 1 text (richtext); Item 2 title (text); Item 2 text (richtext); Item 3 title (text); Item 3 text (richtext); Item 4 title (text); Item 4 text (richtext); Item 5 title (text); Item 5 text (richtext),0,0,13/13,7d6c3171125e8d7b296283969dfb89912b339d4ccc40b3dbf9a5fe3792ae4b2f,a9afcc2a5f8f43dee5ed5ff06e4d3c679ab92e7bdeb8252f8e931ab46ee21dca,83399b1b7c2b388c7682e75374e019b089229758e591bccf2d1c7dfc97823c43,True,Built active - module_id missing from local meta,2026-07-03,2026-07-03,Email Marketing Studio/hubspot/design-manager/email_modules,,,,,
modfile_email_modules_launch_launch_03_05_products_3_dark_module,modfam_launch_03_05_products_3_dark,launch-03-05-products-3-dark,launch-03-05-products-3-dark,email_modules/launch/launch-03-05-products-3-dark.module,,,,,,launch,/Users/vMac/03_agents/Projects/Email Marketing/Email Marketing Studio/hubspot/design-manager/email_modules/launch/launch-03-05-products-3-dark.module,False,True,EMAIL,ANY,12,eyebrow; heading; body_text; product_1_image; product_1_title; product_1_text; product_2_image; product_2_title; product_2_text; product_3_image; product_3_title; product_3_text,image; richtext; text,Eyebrow (text); Heading (text); Body (richtext); Product 1 image (image); Product 1 title (text); Product 1 text (richtext); Product 2 image (image); Product 2 title (text); Product 2 text (richtext); Product 3 image (image); Product 3 title (text); Product 3 text (richtext),0,0,12/12,33bc60e1c15c20c03cfa8ac5d31bb1e6732f2353f6a5194e4520279da918254c,9833c2cc80400312ab699ba2587e056291b492fccd997b77bbbe79f0e9149ca5,622c9dd5cd6c2360fa42923a5187349b721760eab5338fdcf3bf4390d0478f7f,True,Built active - module_id missing from local meta,2026-07-03,2026-07-03,Email Marketing Studio/hubspot/design-manager/email_modules,,,,,
modfile_email_modules_launch_launch_03_06_founder_note_module,modfam_launch_03_06_founder_note,launch-03-06-founder-note,launch-03-06-founder-note,email_modules/launch/launch-03-06-founder-note.module,,,,,,launch,/Users/vMac/03_agents/Projects/Email Marketing/Email Marketing Studio/hubspot/design-manager/email_modules/launch/launch-03-06-founder-note.module,False,True,EMAIL,ANY,9,eyebrow; heading; body_text; pillar_1; pillar_2; pillar_3; pillar_4; person_name; role,richtext; text,Eyebrow (text); Heading (text); Body (richtext); Pillar 1 (text); Pillar 2 (text); Pillar 3 (text); Pillar 4 (text); Name (text); Role / title (text),0,0,9/9,aa93c9c1d23acb2b29f512f7ae68cefb7fc8054f63ef227e3b0a8300de17d6f7,08dc894e3310adaa266ae012a31853b47ca5df18a2a407d6a8e7cb3232163f12,e166adcf99a137284a6d28cd27a161234c02c43e4d762bc684f8928f60e0ef2c,True,Built active - module_id missing from local meta,2026-07-03,2026-07-03,Email Marketing Studio/hubspot/design-manager/email_modules,,,,,
modfile_email_modules_launch_launch_03_07_final_cta_module,modfam_launch_03_07_final_cta,launch-03-07-final-cta,launch-03-07-final-cta,email_modules/launch/launch-03-07-final-cta.module,,,,,,launch,/Users/vMac/03_agents/Projects/Email Marketing/Email Marketing Studio/hubspot/design-manager/email_modules/launch/launch-03-07-final-cta.module,False,True,EMAIL,ANY,4,headline; body_text; button_text; button_url,richtext; text; url,Headline (text); Body (richtext); Button Text (text); Button URL (url),0,0,4/4,2444a94c20a4c2700c74e102428abc1e0fca40b47b623e1b264f90dd804119b0,d4f7588f371c08db28ce4dc481850e7fac68a0e34aa1e6824bcc551681571cc9,4a012ea1cb48935b31bb825986da1d5a939482d4e97498d5a382b2cd845cac38,True,Built active - module_id missing from local meta,2026-07-03,2026-07-03,Email Marketing Studio/hubspot/design-manager/email_modules,,,,,
modfile_email_modules_launch_launch_03_08_footer_module,modfam_launch_03_08_footer,launch-03-08-footer,launch-03-08-footer,email_modules/launch/launch-03-08-footer.module,,,,,,launch,/Users/vMac/03_agents/Projects/Email Marketing/Email Marketing Studio/hubspot/design-manager/email_modules/launch/launch-03-08-footer.module,False,True,EMAIL,ANY,6,company_name; company_address; instagram_url; facebook_url; youtube_url; privacy_url,text; url,Company name (text); Company address (text); Instagram URL (url); Facebook URL (url); YouTube URL (url); Privacy URL (url),0,0,6/6,11a8fc10abde821fa2441b2a48c1cd67ba87fd4bb89abb5c86f829c133a33cf1,c95115cfa1dc23743969e383f97ffcd8da37332197a3bcefd258fdabc0d1f22b,a96dd29eb73592b424fd9df717cbb0630ce0775770b428816c5069ba522a39a7,True,Built active - module_id missing from local meta,2026-07-03,2026-07-03,Email Marketing Studio/hubspot/design-manager/email_modules,,,,,
modfile_email_modules_launch_launch_04_01_header_module,modfam_launch_04_01_header,launch-04-01-header,launch-04-01-header,email_modules/launch/launch-04-01-header.module,,,,,,launch,/Users/vMac/03_agents/Projects/Email Marketing/Email Marketing Studio/hubspot/design-manager/email_modules/launch/launch-04-01-header.module,False,True,EMAIL,ANY,2,logo_image; logo_url,image; url,Logo Image (image); Logo URL (optional) (url),0,0,2/2,e12ab33d0cf4f5b8e5ee368cd7c3727d764ae2af6bac8a9eb342c81fecf63b56,4178f880017da3783f55cd54a6b1e86c2ac5ddc0c1fca598372617c5089dfae5,9dd2aa31e5b13a783df2730dedfd06da9436edd2f612338078891d14819414be,True,Built active - module_id missing from local meta,2026-07-03,2026-07-03,Email Marketing Studio/hubspot/design-manager/email_modules,,,,,
modfile_email_modules_launch_launch_04_02_hero_image_module,modfam_launch_04_02_hero_image,launch-04-02-hero-image,launch-04-02-hero-image,email_modules/launch/launch-04-02-hero-image.module,,,,,,launch,/Users/vMac/03_agents/Projects/Email Marketing/Email Marketing Studio/hubspot/design-manager/email_modules/launch/launch-04-02-hero-image.module,False,True,EMAIL,ANY,6,image; eyebrow; headline; body_text; button_text; button_url,image; richtext; text; url,Hero Image (image); Eyebrow (text); Headline (text); Body (richtext); Button Text (text); Button URL (url),0,0,6/6,a1c9aec0c06787f15a97a16f33a6f2b504ef7ce7554e6e16531da7898d183d04,4db3a8cb8e5e7af3a6fc819b394f58a678f61b35874bc326e501210a25e8a96d,3451f1e83fff34b7160f330a21b2176de888b7a57bd43cbde398ed39d851b708,True,Built active - module_id missing from local meta,2026-07-03,2026-07-03,Email Marketing Studio/hubspot/design-manager/email_modules,,,,,
modfile_email_modules_launch_launch_04_03_founder_letter_module,modfam_launch_04_03_founder_letter,launch-04-03-founder-letter,launch-04-03-founder-letter,email_modules/launch/launch-04-03-founder-letter.module,,,,,,launch,/Users/vMac/03_agents/Projects/Email Marketing/Email Marketing Studio/hubspot/design-manager/email_modules/launch/launch-04-03-founder-letter.module,False,True,EMAIL,ANY,9,eyebrow; heading; body_text; pillar_1; pillar_2; pillar_3; pillar_4; person_name; role,richtext; text,Eyebrow (text); Heading (text); Body (richtext); Pillar 1 (text); Pillar 2 (text); Pillar 3 (text); Pillar 4 (text); Name (text); Role / title (text),0,0,9/9,aa93c9c1d23acb2b29f512f7ae68cefb7fc8054f63ef227e3b0a8300de17d6f7,f5d0406a0e54a6f7ae2c03f75491e5cf7298421310343d2bc4796e937eacef35,a8bf6b23e9f81bc0160e22c1b8cba13edce1403117a2d841ccca8fe46ffa4403,True,Built active - module_id missing from local meta,2026-07-03,2026-07-03,Email Marketing Studio/hubspot/design-manager/email_modules,,,,,
modfile_email_modules_launch_launch_04_04_belief_list_module,modfam_launch_04_04_belief_list,launch-04-04-belief-list,launch-04-04-belief-list,email_modules/launch/launch-04-04-belief-list.module,,,,,,launch,/Users/vMac/03_agents/Projects/Email Marketing/Email Marketing Studio/hubspot/design-manager/email_modules/launch/launch-04-04-belief-list.module,False,True,EMAIL,ANY,7,eyebrow; heading; body_text; point_1; point_2; point_3; point_4,richtext; text,Eyebrow (text); Heading (text); Body (richtext); Point 1 (text); Point 2 (text); Point 3 (text); Point 4 (text),0,0,7/7,e19e52b1fcf1b3b43cbe3c8f4825504b2a6977b66d001fb45ade3eea3f8f78d6,5852375530876fc82d61ef8c1ff1d035c802f0fcc0f6158f8162677af13e17c1,c5c9493116ac8c5ff931028973c307bff0af0619c97c6de395fa8d2c985282e2,True,Built active - module_id missing from local meta,2026-07-03,2026-07-03,Email Marketing Studio/hubspot/design-manager/email_modules,,,,,
modfile_email_modules_launch_launch_04_05_products_3_module,modfam_launch_04_05_products_3,launch-04-05-products-3,launch-04-05-products-3,email_modules/launch/launch-04-05-products-3.module,,,,,,launch,/Users/vMac/03_agents/Projects/Email Marketing/Email Marketing Studio/hubspot/design-manager/email_modules/launch/launch-04-05-products-3.module,False,True,EMAIL,ANY,12,eyebrow; heading; body_text; product_1_image; product_1_title; product_1_text; product_2_image; product_2_title; product_2_text; product_3_image; product_3_title; product_3_text,image; richtext; text,Eyebrow (text); Heading (text); Body (richtext); Product 1 image (image); Product 1 title (text); Product 1 text (richtext); Product 2 image (image); Product 2 title (text); Product 2 text (richtext); Product 3 image (image); Product 3 title (text); Product 3 text (richtext),0,0,12/12,39564e553aa1b9351a3bfea598372d46393144d3ab1e5cc40591d9255253f54d,9833c2cc80400312ab699ba2587e056291b492fccd997b77bbbe79f0e9149ca5,a680c0a6c2c2fc3274a556565ff60f5ceb65f47c7eb1f339302b8b297bd1c4a1,True,Built active - module_id missing from local meta,2026-07-03,2026-07-03,Email Marketing Studio/hubspot/design-manager/email_modules,,,,,
modfile_email_modules_launch_launch_04_06_founder_pillars_module,modfam_launch_04_06_founder_pillars,launch-04-06-founder-pillars,launch-04-06-founder-pillars,email_modules/launch/launch-04-06-founder-pillars.module,,,,,,launch,/Users/vMac/03_agents/Projects/Email Marketing/Email Marketing Studio/hubspot/design-manager/email_modules/launch/launch-04-06-founder-pillars.module,False,True,EMAIL,ANY,9,eyebrow; heading; body_text; pillar_1; pillar_2; pillar_3; pillar_4; person_name; role,richtext; text,Eyebrow (text); Heading (text); Body (richtext); Pillar 1 (text); Pillar 2 (text); Pillar 3 (text); Pillar 4 (text); Name (text); Role / title (text),0,0,9/9,aa93c9c1d23acb2b29f512f7ae68cefb7fc8054f63ef227e3b0a8300de17d6f7,f5d0406a0e54a6f7ae2c03f75491e5cf7298421310343d2bc4796e937eacef35,3364ccd5a1782e2151055fe948bd8ab67df0b14862aadf05b082fe685336fc7d,True,Built active - module_id missing from local meta,2026-07-03,2026-07-03,Email Marketing Studio/hubspot/design-manager/email_modules,,,,,
modfile_email_modules_launch_launch_04_07_final_cta_module,modfam_launch_04_07_final_cta,launch-04-07-final-cta,launch-04-07-final-cta,email_modules/launch/launch-04-07-final-cta.module,,,,,,launch,/Users/vMac/03_agents/Projects/Email Marketing/Email Marketing Studio/hubspot/design-manager/email_modules/launch/launch-04-07-final-cta.module,False,True,EMAIL,ANY,4,headline; body_text; button_text; button_url,richtext; text; url,Headline (text); Body (richtext); Button Text (text); Button URL (url),0,0,4/4,2444a94c20a4c2700c74e102428abc1e0fca40b47b623e1b264f90dd804119b0,02a38681ac8f0064456ed079986c91c5b09c1042cc0760d7ba380581151fe1f8,0cfd0085e43e5e01f73b745942cea7123ff34dcf2e73d0afc6a167b2b2eaae14,True,Built active - module_id missing from local meta,2026-07-03,2026-07-03,Email Marketing Studio/hubspot/design-manager/email_modules,,,,,
modfile_email_modules_launch_launch_04_08_footer_module,modfam_launch_04_08_footer,launch-04-08-footer,launch-04-08-footer,email_modules/launch/launch-04-08-footer.module,,,,,,launch,/Users/vMac/03_agents/Projects/Email Marketing/Email Marketing Studio/hubspot/design-manager/email_modules/launch/launch-04-08-footer.module,False,True,EMAIL,ANY,6,company_name; company_address; instagram_url; facebook_url; youtube_url; privacy_url,text; url,Company name (text); Company address (text); Instagram URL (url); Facebook URL (url); YouTube URL (url); Privacy URL (url),0,0,6/6,11a8fc10abde821fa2441b2a48c1cd67ba87fd4bb89abb5c86f829c133a33cf1,c95115cfa1dc23743969e383f97ffcd8da37332197a3bcefd258fdabc0d1f22b,eeacb50c7ac2ac7b9e8c7db285435138fa7bebc26fff3ba6c3cb7bf6ea4c6ee9,True,Built active - module_id missing from local meta,2026-07-03,2026-07-03,Email Marketing Studio/hubspot/design-manager/email_modules,,,,,
modfile_email_modules_launch_launch_05_01_header_module,modfam_launch_05_01_header,launch-05-01-header,launch-05-01-header,email_modules/launch/launch-05-01-header.module,,,,,,launch,/Users/vMac/03_agents/Projects/Email Marketing/Email Marketing Studio/hubspot/design-manager/email_modules/launch/launch-05-01-header.module,False,True,EMAIL,ANY,2,logo_image; logo_url,image; url,Logo Image (image); Logo URL (optional) (url),0,0,2/2,e12ab33d0cf4f5b8e5ee368cd7c3727d764ae2af6bac8a9eb342c81fecf63b56,4178f880017da3783f55cd54a6b1e86c2ac5ddc0c1fca598372617c5089dfae5,beb865e4acc1dd9f8a0668dbb7ee765343a1b8af490a413cfc2d80942d684018,True,Built active - module_id missing from local meta,2026-07-03,2026-07-03,Email Marketing Studio/hubspot/design-manager/email_modules,,,,,
modfile_email_modules_launch_launch_05_02_hero_image_module,modfam_launch_05_02_hero_image,launch-05-02-hero-image,launch-05-02-hero-image,email_modules/launch/launch-05-02-hero-image.module,,,,,,launch,/Users/vMac/03_agents/Projects/Email Marketing/Email Marketing Studio/hubspot/design-manager/email_modules/launch/launch-05-02-hero-image.module,False,True,EMAIL,ANY,6,image; eyebrow; headline; body_text; button_text; button_url,image; richtext; text; url,Hero Image (image); Eyebrow (text); Headline (text); Body (richtext); Button Text (text); Button URL (url),0,0,6/6,a1c9aec0c06787f15a97a16f33a6f2b504ef7ce7554e6e16531da7898d183d04,d667f1d06016c5452dc041090c0c5ae71d90a0f1081cb84c291550f308b82aa9,6138126fde8762e131f010e465fb58b459bdc7a832a7cd8b79f900c8f0631c41,True,Built active - module_id missing from local meta,2026-07-03,2026-07-03,Email Marketing Studio/hubspot/design-manager/email_modules,,,,,
modfile_email_modules_launch_launch_05_03_question_list_module,modfam_launch_05_03_question_list,launch-05-03-question-list,launch-05-03-question-list,email_modules/launch/launch-05-03-question-list.module,,,,,,launch,/Users/vMac/03_agents/Projects/Email Marketing/Email Marketing Studio/hubspot/design-manager/email_modules/launch/launch-05-03-question-list.module,False,True,EMAIL,ANY,10,eyebrow; heading; body_text; question_1; question_2; question_3; question_4; question_5; question_6; closing_text,richtext; text,Eyebrow (text); Heading (text); Body (richtext); Question 1 (text); Question 2 (text); Question 3 (text); Question 4 (text); Question 5 (text); Question 6 (text); Closing text (richtext),0,0,10/10,89e9ed78f0fb864468854c371995fb1a08f2fff0c93679e7a024536eae136341,2f9178baa3b116305c2c2bf24d1d8383f46569c17d9c79c9335ba70c893f66f3,698d1cb87c5ff8091f7d6a60b9996ae8a25e167145465e403d0f2b1cc0405ec5,True,Built active - module_id missing from local meta,2026-07-03,2026-07-03,Email Marketing Studio/hubspot/design-manager/email_modules,,,,,
modfile_email_modules_launch_launch_05_04_five_changes_module,modfam_launch_05_04_five_changes,launch-05-04-five-changes,launch-05-04-five-changes,email_modules/launch/launch-05-04-five-changes.module,,,,,,launch,/Users/vMac/03_agents/Projects/Email Marketing/Email Marketing Studio/hubspot/design-manager/email_modules/launch/launch-05-04-five-changes.module,False,True,EMAIL,ANY,13,eyebrow; heading; intro; item_1_title; item_1_text; item_2_title; item_2_text; item_3_title; item_3_text; item_4_title; item_4_text; item_5_title; item_5_text,richtext; text,Eyebrow (text); Heading (text); Intro (richtext); Item 1 title (text); Item 1 text (richtext); Item 2 title (text); Item 2 text (richtext); Item 3 title (text); Item 3 text (richtext); Item 4 title (text); Item 4 text (richtext); Item 5 title (text); Item 5 text (richtext),0,0,13/13,7d6c3171125e8d7b296283969dfb89912b339d4ccc40b3dbf9a5fe3792ae4b2f,88188c685a28d6aa804bf71ff0f9d9889007667fcc80d7c73c0cde594d6505bb,0410cf7cd34b47f8e425cbe239bdf764aba2a63a9c1fb2223e9cdd5008a04068,True,Built active - module_id missing from local meta,2026-07-03,2026-07-03,Email Marketing Studio/hubspot/design-manager/email_modules,,,,,
modfile_email_modules_launch_launch_05_05_belief_list_dark_module,modfam_launch_05_05_belief_list_dark,launch-05-05-belief-list-dark,launch-05-05-belief-list-dark,email_modules/launch/launch-05-05-belief-list-dark.module,,,,,,launch,/Users/vMac/03_agents/Projects/Email Marketing/Email Marketing Studio/hubspot/design-manager/email_modules/launch/launch-05-05-belief-list-dark.module,False,True,EMAIL,ANY,7,eyebrow; heading; body_text; point_1; point_2; point_3; point_4,richtext; text,Eyebrow (text); Heading (text); Body (richtext); Point 1 (text); Point 2 (text); Point 3 (text); Point 4 (text),0,0,7/7,c068ba8cde24315714058d967a91c9ca7735000b1813623c5e96b3acfbb76a27,d3f0aac425fba99c9a9972ae367280be7c30905a892bd374096ae46f277eea6d,eaf1cc6967c279c87762f526487b3128b157e179a10356b2e1ebe4bc2deb7cad,True,Built active - module_id missing from local meta,2026-07-03,2026-07-03,Email Marketing Studio/hubspot/design-manager/email_modules,,,,,
modfile_email_modules_launch_launch_05_06_founder_pillars_module,modfam_launch_05_06_founder_pillars,launch-05-06-founder-pillars,launch-05-06-founder-pillars,email_modules/launch/launch-05-06-founder-pillars.module,,,,,,launch,/Users/vMac/03_agents/Projects/Email Marketing/Email Marketing Studio/hubspot/design-manager/email_modules/launch/launch-05-06-founder-pillars.module,False,True,EMAIL,ANY,9,eyebrow; heading; body_text; pillar_1; pillar_2; pillar_3; pillar_4; person_name; role,richtext; text,Eyebrow (text); Heading (text); Body (richtext); Pillar 1 (text); Pillar 2 (text); Pillar 3 (text); Pillar 4 (text); Name (text); Role / title (text),0,0,9/9,aa93c9c1d23acb2b29f512f7ae68cefb7fc8054f63ef227e3b0a8300de17d6f7,08dc894e3310adaa266ae012a31853b47ca5df18a2a407d6a8e7cb3232163f12,7a85d8e813092b084cae3c385519ba17b1d562b6b315248581dda6216b4c028f,True,Built active - module_id missing from local meta,2026-07-03,2026-07-03,Email Marketing Studio/hubspot/design-manager/email_modules,,,,,
modfile_email_modules_launch_launch_05_07_products_3_module,modfam_launch_05_07_products_3,launch-05-07-products-3,launch-05-07-products-3,email_modules/launch/launch-05-07-products-3.module,,,,,,launch,/Users/vMac/03_agents/Projects/Email Marketing/Email Marketing Studio/hubspot/design-manager/email_modules/launch/launch-05-07-products-3.module,False,True,EMAIL,ANY,12,eyebrow; heading; body_text; product_1_image; product_1_title; product_1_text; product_2_image; product_2_title; product_2_text; product_3_image; product_3_title; product_3_text,image; richtext; text,Eyebrow (text); Heading (text); Body (richtext); Product 1 image (image); Product 1 title (text); Product 1 text (richtext); Product 2 image (image); Product 2 title (text); Product 2 text (richtext); Product 3 image (image); Product 3 title (text); Product 3 text (richtext),0,0,12/12,39564e553aa1b9351a3bfea598372d46393144d3ab1e5cc40591d9255253f54d,9833c2cc80400312ab699ba2587e056291b492fccd997b77bbbe79f0e9149ca5,207f3f6b40977e2b3931e0eb348d6aba492e8d842b3e8184533f67c52217ac8b,True,Built active - module_id missing from local meta,2026-07-03,2026-07-03,Email Marketing Studio/hubspot/design-manager/email_modules,,,,,
modfile_email_modules_launch_launch_05_08_final_cta_module,modfam_launch_05_08_final_cta,launch-05-08-final-cta,launch-05-08-final-cta,email_modules/launch/launch-05-08-final-cta.module,,,,,,launch,/Users/vMac/03_agents/Projects/Email Marketing/Email Marketing Studio/hubspot/design-manager/email_modules/launch/launch-05-08-final-cta.module,False,True,EMAIL,ANY,4,headline; body_text; button_text; button_url,richtext; text; url,Headline (text); Body (richtext); Button Text (text); Button URL (url),0,0,4/4,2444a94c20a4c2700c74e102428abc1e0fca40b47b623e1b264f90dd804119b0,4f94d9ce3346e5955683f55bfa12ae8a69998b2d03b702fb93c091cfc1607b20,2e90fcc6a20d7b50d6eec81825c76bda36d9fc038dfdf76e3545b9ac2d5c7d22,True,Built active - module_id missing from local meta,2026-07-03,2026-07-03,Email Marketing Studio/hubspot/design-manager/email_modules,,,,,
modfile_email_modules_launch_launch_05_09_footer_module,modfam_launch_05_09_footer,launch-05-09-footer,launch-05-09-footer,email_modules/launch/launch-05-09-footer.module,,,,,,launch,/Users/vMac/03_agents/Projects/Email Marketing/Email Marketing Studio/hubspot/design-manager/email_modules/launch/launch-05-09-footer.module,False,True,EMAIL,ANY,6,company_name; company_address; instagram_url; facebook_url; youtube_url; privacy_url,text; url,Company name (text); Company address (text); Instagram URL (url); Facebook URL (url); YouTube URL (url); Privacy URL (url),0,0,6/6,11a8fc10abde821fa2441b2a48c1cd67ba87fd4bb89abb5c86f829c133a33cf1,c95115cfa1dc23743969e383f97ffcd8da37332197a3bcefd258fdabc0d1f22b,747d141924f2f1c3a633385c6c2f90b9af887f0238b546f2643920065b07fc60,True,Built active - module_id missing from local meta,2026-07-03,2026-07-03,Email Marketing Studio/hubspot/design-manager/email_modules,,,,,
modfile_email_modules_launch_launch_belief_list_module,modfam_launch_03_launch_05_belief_list,launch-03 launch-05 - Belief list,launch-03 launch-05 - Belief list - Light,email_modules/launch/launch_belief_list.module,,,,,,launch,/Users/vMac/03_agents/Projects/Email Marketing/Email Marketing Studio/hubspot/design-manager/email_modules/launch/launch_belief_list.module,False,True,EMAIL,ANY,7,eyebrow; heading; body_text; point_1; point_2; point_3; point_4,richtext; text,Eyebrow (text); Heading (text); Body (richtext); Point 1 (text); Point 2 (text); Point 3 (text); Point 4 (text),0,0,7/7,4dac5dca7512e7e01b34564c71d9c0925ad47c0781a49a25e9af2e5843064aa8,4fd1084d0ab2d766702b25498b0d306891e7098e63a9208ae7060794ee63b65d,e88213cdb46d447c19066320f62c36cff601ab5b1f7c88b4f9e641127fab3fcf,True,Built active - module_id missing from local meta,2026-07-03,2026-07-03,Email Marketing Studio/hubspot/design-manager/email_modules,,,,,
modfile_email_modules_launch_launch_belief_list_dark_module,modfam_launch_03_launch_05_belief_list,launch-03 launch-05 - Belief list,launch-03 launch-05 - Belief list - Dark,email_modules/launch/launch_belief_list_dark.module,,,,,,launch,/Users/vMac/03_agents/Projects/Email Marketing/Email Marketing Studio/hubspot/design-manager/email_modules/launch/launch_belief_list_dark.module,False,True,EMAIL,ANY,7,eyebrow; heading; body_text; point_1; point_2; point_3; point_4,richtext; text,Eyebrow (text); Heading (text); Body (richtext); Point 1 (text); Point 2 (text); Point 3 (text); Point 4 (text),0,0,7/7,4dac5dca7512e7e01b34564c71d9c0925ad47c0781a49a25e9af2e5843064aa8,4fd1084d0ab2d766702b25498b0d306891e7098e63a9208ae7060794ee63b65d,9bc7d1c6aff66ba7a504e3606bd263d6dbf1e14bc0f71b95dfaa6a4381c174cc,True,Built active - module_id missing from local meta,2026-07-03,2026-07-03,Email Marketing Studio/hubspot/design-manager/email_modules,,,,,
modfile_email_modules_launch_launch_feature_list_5_module,modfam_launch_01_launch_05_five_changes,launch-01 launch-05 - Five changes,launch-01 launch-05 - Five changes - Light,email_modules/launch/launch_feature_list_5.module,,,,,,launch,/Users/vMac/03_agents/Projects/Email Marketing/Email Marketing Studio/hubspot/design-manager/email_modules/launch/launch_feature_list_5.module,False,True,EMAIL,ANY,13,eyebrow; heading; intro; item_1_title; item_1_text; item_2_title; item_2_text; item_3_title; item_3_text; item_4_title; item_4_text; item_5_title; item_5_text,richtext; text,Eyebrow (text); Heading (text); Intro (richtext); Item 1 title (text); Item 1 text (richtext); Item 2 title (text); Item 2 text (richtext); Item 3 title (text); Item 3 text (richtext); Item 4 title (text); Item 4 text (richtext); Item 5 title (text); Item 5 text (richtext),0,0,13/13,c615639f7dfa1ee38fd1b07847d7bcaad6311ac0be9aa461c09a6cd9ca9f0fe6,86d19dd9ebb69a17cd5837482ac4cb203a61cafb94923b09ec4b23a1b2ab52c1,4465a9190e9439f76821926e949ecbe0aa420112af415a759ae31037afe58edd,True,Built active - module_id missing from local meta,2026-07-03,2026-07-03,Email Marketing Studio/hubspot/design-manager/email_modules,,,,,
modfile_email_modules_launch_launch_feature_list_5_dark_module,modfam_launch_01_launch_05_five_changes,launch-01 launch-05 - Five changes,launch-01 launch-05 - Five changes - Dark,email_modules/launch/launch_feature_list_5_dark.module,,,,,,launch,/Users/vMac/03_agents/Projects/Email Marketing/Email Marketing Studio/hubspot/design-manager/email_modules/launch/launch_feature_list_5_dark.module,False,True,EMAIL,ANY,13,eyebrow; heading; intro; item_1_title; item_1_text; item_2_title; item_2_text; item_3_title; item_3_text; item_4_title; item_4_text; item_5_title; item_5_text,richtext; text,Eyebrow (text); Heading (text); Intro (richtext); Item 1 title (text); Item 1 text (richtext); Item 2 title (text); Item 2 text (richtext); Item 3 title (text); Item 3 text (richtext); Item 4 title (text); Item 4 text (richtext); Item 5 title (text); Item 5 text (richtext),0,0,13/13,ee59cfbb96f2612c7d3961a4d717affe632c268b12d1695b32aeef1587196cf9,86d19dd9ebb69a17cd5837482ac4cb203a61cafb94923b09ec4b23a1b2ab52c1,c33a80e1cc1bbaa977ef96c9433440ff4db1de49bc8381ff6b30457f89014514,True,Built active - module_id missing from local meta,2026-07-03,2026-07-03,Email Marketing Studio/hubspot/design-manager/email_modules,,,,,
modfile_email_modules_launch_launch_founder_pillars_module,modfam_launch_04_launch_05_founder_pillars,launch-04 launch-05 - Founder pillars,launch-04 launch-05 - Founder pillars - Light,email_modules/launch/launch_founder_pillars.module,,,,,,launch,/Users/vMac/03_agents/Projects/Email Marketing/Email Marketing Studio/hubspot/design-manager/email_modules/launch/launch_founder_pillars.module,False,True,EMAIL,ANY,9,eyebrow; heading; body_text; pillar_1; pillar_2; pillar_3; pillar_4; person_name; role,richtext; text,Eyebrow (text); Heading (text); Body (richtext); Pillar 1 (text); Pillar 2 (text); Pillar 3 (text); Pillar 4 (text); Name (text); Role / title (text),0,0,9/9,a8c7430e23ce5e81233e4ff5dc6f98141f6894d6931f49b095d4720641549761,08dc894e3310adaa266ae012a31853b47ca5df18a2a407d6a8e7cb3232163f12,2b6d94c60568e5c19bf48287b41eb041193016fb7301f9303a8022123ca1024d,True,Built active - module_id missing from local meta,2026-07-03,2026-07-03,Email Marketing Studio/hubspot/design-manager/email_modules,,,,,
modfile_email_modules_launch_launch_founder_pillars_dark_module,modfam_launch_04_launch_05_founder_pillars,launch-04 launch-05 - Founder pillars,launch-04 launch-05 - Founder pillars - Dark,email_modules/launch/launch_founder_pillars_dark.module,,,,,,launch,/Users/vMac/03_agents/Projects/Email Marketing/Email Marketing Studio/hubspot/design-manager/email_modules/launch/launch_founder_pillars_dark.module,False,True,EMAIL,ANY,9,eyebrow; heading; body_text; pillar_1; pillar_2; pillar_3; pillar_4; person_name; role,richtext; text,Eyebrow (text); Heading (text); Body (richtext); Pillar 1 (text); Pillar 2 (text); Pillar 3 (text); Pillar 4 (text); Name (text); Role / title (text),0,0,9/9,0849c4bd8264d1bd20f701fb29d817eda3d8fe07ef763efa7a1246b401555cf4,08dc894e3310adaa266ae012a31853b47ca5df18a2a407d6a8e7cb3232163f12,847b7a140963319f18e248bdf84591ce730159ef8ab93ab99222d31785f76888,True,Built active - module_id missing from local meta,2026-07-03,2026-07-03,Email Marketing Studio/hubspot/design-manager/email_modules,,,,,
modfile_email_modules_launch_launch_product_grid3_module,modfam_launch_01_launch_02_products_3,launch-01 launch-02 - Products 3,launch-01 launch-02 - Products 3 - Light,email_modules/launch/launch_product_grid3.module,,,,,,launch,/Users/vMac/03_agents/Projects/Email Marketing/Email Marketing Studio/hubspot/design-manager/email_modules/launch/launch_product_grid3.module,False,True,EMAIL,ANY,12,eyebrow; heading; body_text; product_1_image; product_1_title; product_1_text; product_2_image; product_2_title; product_2_text; product_3_image; product_3_title; product_3_text,image; richtext; text,Eyebrow (text); Heading (text); Body (richtext); Product 1 image (image); Product 1 title (text); Product 1 text (richtext); Product 2 image (image); Product 2 title (text); Product 2 text (richtext); Product 3 image (image); Product 3 title (text); Product 3 text (richtext),0,0,12/12,827f6bcdab110eecdfa238db38e609d7cd7abbf7a1d08d7b438cfbe7388aaacb,10850119756aa3f063885f4750a5fc701c295af59a5f15f20e150367323e6442,d3ade5ad950d2a5938e4fc3c29ead95dba462804904339f7d7927616ef262464,True,Built active - module_id missing from local meta,2026-07-03,2026-07-03,Email Marketing Studio/hubspot/design-manager/email_modules,,,,,
modfile_email_modules_launch_launch_product_grid3_dark_module,modfam_launch_01_launch_02_products_3,launch-01 launch-02 - Products 3,launch-01 launch-02 - Products 3 - Dark,email_modules/launch/launch_product_grid3_dark.module,,,,,,launch,/Users/vMac/03_agents/Projects/Email Marketing/Email Marketing Studio/hubspot/design-manager/email_modules/launch/launch_product_grid3_dark.module,False,True,EMAIL,ANY,12,eyebrow; heading; body_text; product_1_image; product_1_title; product_1_text; product_2_image; product_2_title; product_2_text; product_3_image; product_3_title; product_3_text,image; richtext; text,Eyebrow (text); Heading (text); Body (richtext); Product 1 image (image); Product 1 title (text); Product 1 text (richtext); Product 2 image (image); Product 2 title (text); Product 2 text (richtext); Product 3 image (image); Product 3 title (text); Product 3 text (richtext),0,0,12/12,34ec100dafc170f4a7f9e56bc31c7ad5d18e1154fcd2246f1faa7ceb3ea9c6e8,10850119756aa3f063885f4750a5fc701c295af59a5f15f20e150367323e6442,9eeca38235e0b2d3c1a081bb51af342c2cffb4651ae06102e6d2c38fcfb669fc,True,Built active - module_id missing from local meta,2026-07-03,2026-07-03,Email Marketing Studio/hubspot/design-manager/email_modules,,,,,
modfile_email_modules_launch_launch_question_list_module,modfam_launch_05_question_list,launch-05 - Question list,launch-05 - Question list - Light,email_modules/launch/launch_question_list.module,,,,,,launch,/Users/vMac/03_agents/Projects/Email Marketing/Email Marketing Studio/hubspot/design-manager/email_modules/launch/launch_question_list.module,False,True,EMAIL,ANY,10,eyebrow; heading; body_text; question_1; question_2; question_3; question_4; question_5; question_6; closing_text,richtext; text,Eyebrow (text); Heading (text); Body (richtext); Question 1 (text); Question 2 (text); Question 3 (text); Question 4 (text); Question 5 (text); Question 6 (text); Closing text (richtext),0,0,10/10,3a49fafd2d2dd2b75c4319883092f50d0aa23f848497c3ee342ccf7737f63a33,8f25defb0343ac131f4bf04e603e6e17d0f443efcc76649c8272fc60df317027,0ba458184c9f789b1b62806e338a981bc757f51d83c0bede02a9e8d4bf2eb791,True,Built active - module_id missing from local meta,2026-07-03,2026-07-03,Email Marketing Studio/hubspot/design-manager/email_modules,,,,,
modfile_email_modules_launch_launch_question_list_dark_module,modfam_launch_05_question_list,launch-05 - Question list,launch-05 - Question list - Dark,email_modules/launch/launch_question_list_dark.module,,,,,,launch,/Users/vMac/03_agents/Projects/Email Marketing/Email Marketing Studio/hubspot/design-manager/email_modules/launch/launch_question_list_dark.module,False,True,EMAIL,ANY,10,eyebrow; heading; body_text; question_1; question_2; question_3; question_4; question_5; question_6; closing_text,richtext; text,Eyebrow (text); Heading (text); Body (richtext); Question 1 (text); Question 2 (text); Question 3 (text); Question 4 (text); Question 5 (text); Question 6 (text); Closing text (richtext),0,0,10/10,aa3cf8d2b659963bae0d5ae1dc67a0ecebf908489b2e227c0603abb89f855faf,8f25defb0343ac131f4bf04e603e6e17d0f443efcc76649c8272fc60df317027,e03bc3d8c341d9b1db1950a315f0a4f0f4db42ec9c57c23c4bf65ea5f92b5089,True,Built active - module_id missing from local meta,2026-07-03,2026-07-03,Email Marketing Studio/hubspot/design-manager/email_modules,,,,,
modfile_email_modules_launch_launch_wordmark_pair_module,modfam_launch_01_logo_pair,launch-01 - Logo pair,launch-01 - Logo pair - Light,email_modules/launch/launch_wordmark_pair.module,,,,,,launch,/Users/vMac/03_agents/Projects/Email Marketing/Email Marketing Studio/hubspot/design-manager/email_modules/launch/launch_wordmark_pair.module,False,True,EMAIL,ANY,6,left_label; left_image; left_caption; right_label; right_image; right_caption,image; text,Left label (text); Left logo/image (image); Left caption (text); Right label (text); Right logo/image (image); Right caption (text),0,0,6/6,fde151a1a5212cda6d6e4cf620d51b972eebb180841b4a5d674ebd1497cc761f,6b3a8400cab78c87780842690097804b7f7026593a471a2137812fb13a61b706,cc30eeddd7b9472a04d7dad98c6152d49a19a302ce035df55c80ba1c44301355,True,Built active - module_id missing from local meta,2026-07-03,2026-07-03,Email Marketing Studio/hubspot/design-manager/email_modules,,,,,
modfile_email_modules_launch_launch_wordmark_pair_dark_module,modfam_launch_01_logo_pair,launch-01 - Logo pair,launch-01 - Logo pair - Dark,email_modules/launch/launch_wordmark_pair_dark.module,,,,,,launch,/Users/vMac/03_agents/Projects/Email Marketing/Email Marketing Studio/hubspot/design-manager/email_modules/launch/launch_wordmark_pair_dark.module,False,True,EMAIL,ANY,6,left_label; left_image; left_caption; right_label; right_image; right_caption,image; text,Left label (text); Left logo/image (image); Left caption (text); Right label (text); Right logo/image (image); Right caption (text),0,0,6/6,90000e0078031cc72a0e283094e39a573856916e4a283847011aacecb5ef29ee,76056028bbe860bec6c6034c0a7a3b82bf6f979f78e58a620dccd29cc54a4a90,ff318f06de9b6ae335125d9ec738ffedfc0cdda9e1ce121291be7daa215f2fe6,True,Built active - module_id missing from local meta,2026-07-03,2026-07-03,Email Marketing Studio/hubspot/design-manager/email_modules,,,,,
modfile_email_modules_newsletter_newsletter_cta_dark_module,modfam_newsletter_button_primary_cta,Newsletter - Button - Primary CTA,Newsletter - Button - Primary CTA - Dark,email_modules/newsletter/newsletter_cta_dark.module,215064426919,Newsletter,Button,Primary CTA,Dark,newsletter,/Users/vMac/03_agents/Projects/Email Marketing/Email Marketing Studio/hubspot/design-manager/email_modules/newsletter/newsletter_cta_dark.module,False,True,EMAIL,ANY,4,headline; body_text; button_text; button_url,richtext; text; url,Headline (text); Body (richtext); Button Text (text); Button URL (url),0,0,4/4,c8db414cb15f83cd744479e8f75c6f3bae038d7bb27f5e2e147dc44a8334f242,83d0b828065d22fac2660074e8f27beac2f913bc90db17484766f2cb1ecf7b75,ac6642322bce7402484303437950f4d247946948f30dc2caa8c7c63ca5055abc,True,Shipped - HubSpot module_id present,2026-07-03,2026-07-03,Email Marketing Studio/hubspot/design-manager/email_modules,"Active module palette/logos, per module cleanup inventory",,,,
modfile_email_modules_newsletter_newsletter_cta_light_module,modfam_newsletter_button_primary_cta,Newsletter - Button - Primary CTA,Newsletter - Button - Primary CTA - Light,email_modules/newsletter/newsletter_cta_light.module,215027397710,Newsletter,Button,Primary CTA,Light,newsletter,/Users/vMac/03_agents/Projects/Email Marketing/Email Marketing Studio/hubspot/design-manager/email_modules/newsletter/newsletter_cta_light.module,False,True,EMAIL,ANY,4,headline; body_text; button_text; button_url,richtext; text; url,Headline (text); Body (richtext); Button Text (text); Button URL (url),0,0,4/4,087a8bd28ee4f85254d54174b4f0ef2844c175a822832fcbca1f23835d9ae980,83d0b828065d22fac2660074e8f27beac2f913bc90db17484766f2cb1ecf7b75,74be2361b0f6d537b46b8471ac38735b5aaa043511082964aacf0151bbd13c77,True,Shipped - HubSpot module_id present,2026-07-03,2026-07-03,Email Marketing Studio/hubspot/design-manager/email_modules,"Active module palette/logos, per module cleanup inventory",,,,
modfile_email_modules_newsletter_newsletter_feature_dark_module,modfam_newsletter_image_feature_story,Newsletter - Image - Feature story,Newsletter - Image - Feature story - Dark,email_modules/newsletter/newsletter_feature_dark.module,215062232737,Newsletter,Image,Feature story,Dark,newsletter,/Users/vMac/03_agents/Projects/Email Marketing/Email Marketing Studio/hubspot/design-manager/email_modules/newsletter/newsletter_feature_dark.module,False,True,EMAIL,ANY,6,image; eyebrow; headline; body_text; button_text; button_url,image; richtext; text; url,Hero Image (image); Eyebrow (text); Headline (text); Body (richtext); Button Text (text); Button URL (url),0,0,6/6,f06d7f42c7c231ba445f75e3eb9753fe55a2a3d16f0bd5c563fc68417ebdffb6,0a1eaaf4cd1f08bc76be72f7fd4294982c5a543337a5ad39a3b499a87c698af2,642925c56b33d6116213c509da96f33dc0402bae3af2fc2b071745db6b9f4487,True,Shipped - HubSpot module_id present,2026-07-03,2026-07-03,Email Marketing Studio/hubspot/design-manager/email_modules,"Active module palette/logos, per module cleanup inventory",,,,
modfile_email_modules_newsletter_newsletter_feature_light_module,modfam_newsletter_image_feature_story,Newsletter - Image - Feature story,Newsletter - Image - Feature story - Light,email_modules/newsletter/newsletter_feature_light.module,215026838393,Newsletter,Image,Feature story,Light,newsletter,/Users/vMac/03_agents/Projects/Email Marketing/Email Marketing Studio/hubspot/design-manager/email_modules/newsletter/newsletter_feature_light.module,False,True,EMAIL,ANY,6,image; eyebrow; headline; body_text; button_text; button_url,image; richtext; text; url,Hero Image (image); Eyebrow (text); Headline (text); Body (richtext); Button Text (text); Button URL (url),0,0,6/6,b68fbb21dff7e062047dc0605ab7d318008b24d376c61a3bf516518fc138d310,0a1eaaf4cd1f08bc76be72f7fd4294982c5a543337a5ad39a3b499a87c698af2,c9ea8d3114a0ebcf6dd66633230546541f142b786a663b6c827ab4e306473d74,True,Shipped - HubSpot module_id present,2026-07-03,2026-07-03,Email Marketing Studio/hubspot/design-manager/email_modules,"Active module palette/logos, per module cleanup inventory",,,,
modfile_email_modules_newsletter_newsletter_footer_dark_module,modfam_newsletter_footer_standard,Newsletter - Footer - Standard,Newsletter - Footer - Standard - Dark,email_modules/newsletter/newsletter_footer_dark.module,215064426927,Newsletter,Footer,Standard,Dark,newsletter,/Users/vMac/03_agents/Projects/Email Marketing/Email Marketing Studio/hubspot/design-manager/email_modules/newsletter/newsletter_footer_dark.module,False,True,EMAIL,ANY,4,logo_image; ig_url; fb_url; yt_url,image; url,Logo Image (image); Instagram URL (url); Facebook URL (url); YouTube URL (url),0,0,4/4,f421ef88265d5ebe26f6413ba48af9ec4545d353bcde1087c4864a41cac20549,ec2a0fc6df903f584d2e636be07ea6e657f20c96cdc27a1b8336480abb49b6e6,3b34d07328bd9be1279221675c62fd44a49bc2fafe28cb074c0030ad9b6a8d62,True,Shipped - HubSpot module_id present,2026-07-03,2026-07-03,Email Marketing Studio/hubspot/design-manager/email_modules,"Active module palette/logos, per module cleanup inventory",,,,
modfile_email_modules_newsletter_newsletter_footer_light_module,modfam_newsletter_footer_standard,Newsletter - Footer - Standard,Newsletter - Footer - Standard - Light,email_modules/newsletter/newsletter_footer_light.module,215027397715,Newsletter,Footer,Standard,Light,newsletter,/Users/vMac/03_agents/Projects/Email Marketing/Email Marketing Studio/hubspot/design-manager/email_modules/newsletter/newsletter_footer_light.module,False,True,EMAIL,ANY,4,logo_image; ig_url; fb_url; yt_url,image; url,Logo Image (image); Instagram URL (url); Facebook URL (url); YouTube URL (url),0,0,4/4,6bb15d23e36d89e0f363335d4a8c7656fa777a4dd28bcba550a99b147a9d7681,161e061849a5720ecdb62a26d22b55cf2d712542c69cbee8570277be71162d55,acb5ef7d85e60e1df546ec13cff861104f7c1ebbb3b867cbf045096017aadf34,True,Shipped - HubSpot module_id present,2026-07-03,2026-07-03,Email Marketing Studio/hubspot/design-manager/email_modules,"Active module palette/logos, per module cleanup inventory",,,,
modfile_email_modules_newsletter_newsletter_masthead_dark_module,modfam_newsletter_text_masthead,Newsletter - Text - Masthead,Newsletter - Text - Masthead - Dark,email_modules/newsletter/newsletter_masthead_dark.module,215062232741,Newsletter,Text,Masthead,Dark,newsletter,/Users/vMac/03_agents/Projects/Email Marketing/Email Marketing Studio/hubspot/design-manager/email_modules/newsletter/newsletter_masthead_dark.module,False,True,EMAIL,ANY,3,eyebrow; title; date_text,text,Eyebrow (text); Title (text); Issue / Date (text),0,0,3/3,bc8eb37564a564ec08cb84b064494d5bb3d5cde9680753b60cb8f14300a2d953,9b3b9c3b2b0c9f4d2de4f0757f0876a20ef76d24ccfc100eea6bbfd5f5231c1a,086c6880fe0c528371832e42fe05c8da24809b8e4eeb4a7e95b8dea7224bb10d,True,Shipped - HubSpot module_id present,2026-07-03,2026-07-03,Email Marketing Studio/hubspot/design-manager/email_modules,"Active module palette/logos, per module cleanup inventory",,,,
modfile_email_modules_newsletter_newsletter_masthead_light_module,modfam_newsletter_text_masthead,Newsletter - Text - Masthead,Newsletter - Text - Masthead - Light,email_modules/newsletter/newsletter_masthead_light.module,215027397696,Newsletter,Text,Masthead,Light,newsletter,/Users/vMac/03_agents/Projects/Email Marketing/Email Marketing Studio/hubspot/design-manager/email_modules/newsletter/newsletter_masthead_light.module,False,True,EMAIL,ANY,3,eyebrow; title; date_text,text,Eyebrow (text); Title (text); Issue / Date (text),0,0,3/3,742da4714aeb6b7dd05e45afb24989954f0c6d5e40b423f3730032c027874cdb,9b3b9c3b2b0c9f4d2de4f0757f0876a20ef76d24ccfc100eea6bbfd5f5231c1a,d34def826a6c915093a5029d9d6bf309dcdb094d0df6980d96b29b0cff892695,True,Shipped - HubSpot module_id present,2026-07-03,2026-07-03,Email Marketing Studio/hubspot/design-manager/email_modules,"Active module palette/logos, per module cleanup inventory",,,,
modfile_email_modules_newsletter_newsletter_pullquote_dark_module,modfam_newsletter_text_pull_quote,Newsletter - Text - Pull quote,Newsletter - Text - Pull quote - Dark,email_modules/newsletter/newsletter_pullquote_dark.module,215062232746,Newsletter,Text,Pull quote,Dark,newsletter,/Users/vMac/03_agents/Projects/Email Marketing/Email Marketing Studio/hubspot/design-manager/email_modules/newsletter/newsletter_pullquote_dark.module,False,True,EMAIL,ANY,2,quote; attribution,text,Quote (text); Attribution (text),0,0,2/2,2d5c6fef3c9c7676dfd651f0268c31072a12e46b6c639dc2fa089bfd9a0ead81,34a161eb9e7a1fa71c49b3c106a043d2058b39323155d4107c9585c90ef6f8ed,e8228a77cc008d5b7f634217a9f0ed079d79eeefa48768b48208d6f97e7713f6,True,Shipped - HubSpot module_id present,2026-07-03,2026-07-03,Email Marketing Studio/hubspot/design-manager/email_modules,"Active module palette/logos, per module cleanup inventory",,,,
modfile_email_modules_newsletter_newsletter_pullquote_light_module,modfam_newsletter_text_pull_quote,Newsletter - Text - Pull quote,Newsletter - Text - Pull quote - Light,email_modules/newsletter/newsletter_pullquote_light.module,215026838398,Newsletter,Text,Pull quote,Light,newsletter,/Users/vMac/03_agents/Projects/Email Marketing/Email Marketing Studio/hubspot/design-manager/email_modules/newsletter/newsletter_pullquote_light.module,False,True,EMAIL,ANY,2,quote; attribution,text,Quote (text); Attribution (text),0,0,2/2,55362ec48776e610e8ec15d7268c3e3fa069dd045920aca0eb71676cd597e815,34a161eb9e7a1fa71c49b3c106a043d2058b39323155d4107c9585c90ef6f8ed,7ed4d48aae068a5bba2834689239f00547ace5620112dc7e208cbd0ece271dd5,True,Shipped - HubSpot module_id present,2026-07-03,2026-07-03,Email Marketing Studio/hubspot/design-manager/email_modules,"Active module palette/logos, per module cleanup inventory",,,,
modfile_email_modules_newsletter_newsletter_two_column_dark_module,modfam_newsletter_two_column_image_and_text,Newsletter - Two-column - Image and text,Newsletter - Two-column - Image and text - Dark,email_modules/newsletter/newsletter_two_column_dark.module,215064427012,Newsletter,Two-column,Image and text,Dark,newsletter,/Users/vMac/03_agents/Projects/Email Marketing/Email Marketing Studio/hubspot/design-manager/email_modules/newsletter/newsletter_two_column_dark.module,False,True,EMAIL,ANY,8,card1_image; card1_eyebrow; card1_headline; card1_text; card2_image; card2_eyebrow; card2_headline; card2_text,image; text,Card 1 Image (image); Card 1 Eyebrow (text); Card 1 Headline (text); Card 1 Text (text); Card 2 Image (image); Card 2 Eyebrow (text); Card 2 Headline (text); Card 2 Text (text),0,0,8/8,6ead0a7d34bc5265278c0672af7c3770c630fe9f6edc9a31323d57896e52ba56,c45146ba914c1281c0ad3cb42bcfcf32a791ed19a0c73f53deca85771934ee46,5df0ac27fe4e6aba256078716a6969244ea242d02af36fb8f080520331d5197f,True,Shipped - HubSpot module_id present,2026-07-03,2026-07-03,Email Marketing Studio/hubspot/design-manager/email_modules,"Active module palette/logos, per module cleanup inventory",,,,
modfile_email_modules_newsletter_newsletter_two_column_light_module,modfam_newsletter_two_column_image_and_text,Newsletter - Two-column - Image and text,Newsletter - Two-column - Image and text - Light,email_modules/newsletter/newsletter_two_column_light.module,215027397703,Newsletter,Two-column,Image and text,Light,newsletter,/Users/vMac/03_agents/Projects/Email Marketing/Email Marketing Studio/hubspot/design-manager/email_modules/newsletter/newsletter_two_column_light.module,False,True,EMAIL,ANY,8,card1_image; card1_eyebrow; card1_headline; card1_text; card2_image; card2_eyebrow; card2_headline; card2_text,image; text,Card 1 Image (image); Card 1 Eyebrow (text); Card 1 Headline (text); Card 1 Text (text); Card 2 Image (image); Card 2 Eyebrow (text); Card 2 Headline (text); Card 2 Text (text),0,0,8/8,926358c5574f77423ccd4a77c3f7407e78dde31806d1c46917ac941b33a76fee,c45146ba914c1281c0ad3cb42bcfcf32a791ed19a0c73f53deca85771934ee46,618038a575b4338c4f1998787c5cb56cd76806034b6096cbf7a448be6a72e07a,True,Shipped - HubSpot module_id present,2026-07-03,2026-07-03,Email Marketing Studio/hubspot/design-manager/email_modules,"Active module palette/logos, per module cleanup inventory",,,,
