Email Name,Master Tags,Level 2 Tags,Level 3 Tags,Level 4 Tags,Email Channel,Programmable Email,Sequence Position,Sequence Total,Is Enumerated Sequence,Email Family,Implementation Surface,HubSpot Email ID,HubSpot State,Workflow IDs,Subscription Type,Subject,Preview Text,Publish Readiness,Review Status,Needs Rewrite,Module Wiring Status,Master Email Modules,Duplicate Merge Status,Notes
Browse - Browse Recovery - Product Reminder - Browse Recovery,Browse,Browse Recovery,Product Reminder,Browse Recovery,Marketing,Candidate/Needs Review,1.0,,,lifecycle,,,,,,,,Needs Copy Review,Needs Copy Review,No,not mapped,,single source,
Browse - Browse Recovery - Related Products - Browse Recovery,Browse,Browse Recovery,Related Products,Browse Recovery,Marketing,Candidate/Needs Review,2.0,,,lifecycle,,,,,,,,Needs Copy Review,Needs Copy Review,No,not mapped,,single source,
Cart - Cart Recovery - Gentle Reminder - Cart Recovery,Cart,Cart Recovery,Gentle Reminder,Cart Recovery,Marketing,Candidate/Needs Review,1.0,,,abandoned_cart,,,,,,,,Needs Copy Review,Needs Copy Review,No,not mapped,,single source,
Cart - Cart Recovery - Value Reinforcement - Cart Recovery,Cart,Cart Recovery,Value Reinforcement,Cart Recovery,Marketing,Candidate/Needs Review,2.0,,,abandoned_cart,,,,,,,,Needs Copy Review,Needs Copy Review,No,not mapped,,single source,
Cart - Cart Recovery - Urgency Incentive - Cart Recovery,Cart,Cart Recovery,Urgency Incentive,Cart Recovery,Marketing,Candidate/Needs Review,3.0,,,abandoned_cart,,,,,,,,Needs Copy Review,Needs Copy Review,No,not mapped,,single source,
Consultation - Consultation Follow-up - Follow-Up Day 10,Consultation,Consultation Follow-up,Follow-Up Day 10,,Sales,Candidate/Needs Review,,,,Flow-other,Sales template / conditional branch,216507598990.0,AUTOMATED (published),,,,,Published in HubSpot (2026-07-05 session),Needs Copy Review,No,"flat rich_text + email_footer -- NOT modular, needs rebuild to Launch-style header/hero/product/footer pattern","Hero, Context, Reassurance, CTA, Secondary CTA, Founder note, FAQ block, Footer",merged branch strategy,"Subject: A quick note, {{ contact.firstname }} Goal: Prompt a reply without pressure QA build: not_built Branch note: current-system-user variant should be handled as conditional copy, not a separate row."
Consultation - Consultation Follow-up - Follow-Up Day 5,Consultation,Consultation Follow-up,Follow-Up Day 5,,Sales,Candidate/Needs Review,,,,Flow-other,Sales template / conditional branch,216517553225.0,AUTOMATED (published),,,,,Published in HubSpot (2026-07-05 session),Needs Copy Review,No,"flat rich_text + email_footer -- NOT modular, needs rebuild to Launch-style header/hero/product/footer pattern","Hero, Context, Reassurance, CTA, Secondary CTA, Founder note, FAQ block, Footer",merged branch strategy,"Subject: Still thinking it over, {{ contact.firstname }}? Goal: Prompt a reply without pressure QA build: not_built Branch note: current-system-user variant should be handled as conditional copy, not a separate row."
Consultation - Consultation Follow-up - Follow-Up Day 90 Reengagement,Consultation,Consultation Follow-up,Follow-Up Day 90 Reengagement,,Sales,Candidate/Needs Review,,,,Flow-other,Workflow-triggered,,,,,,,Needs Copy Review,Needs Copy Review,No,not mapped,"Hero, Context, Reassurance, CTA, Secondary CTA, Founder note, FAQ block, Footer",needs merge review,"Subject: Checking in, {{ contact.firstname }} Goal: Prompt a reply without pressure QA build: not_built"
Consultation - Consultation Follow-up - Final Close Loop,Consultation,Consultation Follow-up,Final Close Loop,,Sales,Candidate/Needs Review,,,,Flow-other,Workflow-triggered,,,,,,,Needs Copy Review,Needs Copy Review,No,not mapped,"Hero, Context, Reassurance, CTA, Secondary CTA, Founder note, FAQ block, Footer",needs merge review,"Subject: Closing the loop, {{ contact.firstname }} Goal: Prompt a reply without pressure QA build: not_built"
"Consultation - Consultation Recap, Consultation - Consultation Recap - Standard Currency",Consultation,"Consultation Recap, Consultation",Consultation Recap,Standard Currency,Sales,Yes,,,,Flow-other,Programmable sales template,216517564345.0,AUTOMATED (published),,,,,Published in HubSpot (2026-07-05 session),Needs Copy Review,No,not mapped,"Hero, Context, Reassurance, CTA, Secondary CTA, Founder note, FAQ block, Footer",merged duplicate currency rows,"Merged CAD/EUR/GBP/USD exact duplicate bodies. Currency should be a programmable data field/branch. | Trigger architecture open item: needs Deal-based workflow (deal stage Awaiting Consultation + call result succeeded/connected), not yet wired -- see hs-lifecycle-strategy-2026 skill S3."
"Consultation - Consultation Recap, Consultation - Consultation Recap - Current System User",Consultation,"Consultation Recap, Consultation",Consultation Recap,Current System User,Sales,Candidate/Needs Review,,,,Flow-other,Programmable sales template branch,,,,,,,Needs Copy Review,Needs Copy Review,No,not mapped,"Hero, Context, Reassurance, CTA, Secondary CTA, Founder note, FAQ block, Footer",branch variant,"Subject: Your Hair Solutions Co. consultation recap, {{ contact.firstname }} Goal: Deliver branch-specific recap and next step QA build: not_built Keep as meaningful recap branch; consider conditionalizing inside programmable recap."
"Consultation - Consultation Recap, Consultation - Consultation Recap - No Local Partner",Consultation,"Consultation Recap, Consultation",Consultation Recap,No Local Partner,Sales,Candidate/Needs Review,,,,Flow-other,Programmable sales template branch,,,,,,,Needs Copy Review,Needs Copy Review,No,not mapped,"Hero, Context, Reassurance, CTA, Secondary CTA, Founder note, FAQ block, Footer",branch variant,"Subject: Your Hair Solutions Co. consultation recap, {{ contact.firstname }} Goal: Deliver branch-specific recap and next step QA build: not_built Keep as meaningful recap branch; consider conditionalizing inside programmable recap."
Consultation - Sales Supporting - First Enquiry Reply - Supporting,Consultation,Sales Supporting,First Enquiry Reply,Supporting,Sales,No,,,,Flow-other,Sales template / SEND_EMAIL,,,,,,,Needs Copy Review,Needs Copy Review,No,not mapped,"Hero, Context, Reassurance, CTA, Secondary CTA, FAQ block, Footer",needs merge review,Subject: Re: your inquiry - {{ contact.firstname }} Goal: Acknowledge inquiry and set expectations QA build: not_built
"Consultation - Maintenance Education, Sales Supporting - Home Maintenance Extension - Supporting",Consultation,"Maintenance Education, Sales Supporting",Home Maintenance Extension,Supporting,Sales,No,,,,Flow-other,"Sales template / SEND_EMAIL, Standard marketing",,,,,,,Needs Copy Review,Needs Copy Review,No,not mapped,"Hero, Context, Education, Reassurance, CTA, Secondary CTA, FAQ block, Footer",needs merge review,Subject: Before the commitment - home maintenance & care Goal: Set expectations on maintenance commitment QA build: not_built
Welcome - 1 of 5 - Welcome and Resource Delivery,Welcome,1 of 5,Welcome and Resource Delivery,,Marketing,No,1.0,5.0,Yes,Flow-welcome,Standard marketing,,,,,,,Needs Copy Review,Needs Copy Review,No,not mapped,"Hero, Context, Education, Reassurance, CTA, Secondary CTA, Founder note, Proof, Footer",needs merge review,"Subject: Your guide is ready, {{ contact.firstname | default(""there"") }} Preview: Plus what to know before choosing your first system. Goal: Download guide (primary), Reply to email (secondary) QA build: not_built"
"Welcome - 3 of 5, Product Education - Educational - Understanding Base Types",Welcome,"3 of 5, Product Education",Educational - Understanding Base Types,,Marketing,Yes,3.0,5.0,Yes,Flow-welcome,Standard marketing,,,,,,,Needs Copy Review,Needs Copy Review,No,not mapped,"Hero, Context, Education, Product recommendation, Reassurance, CTA, Secondary CTA, FAQ block, Proof, Footer, Goal-based recommendation, Base type guidance",needs merge review,"Subject: Lace vs. skin — here's the real difference Preview: It comes down to two things: how it looks and how long it lasts. Goal: Reply to email, or link to comparison page QA build: not_built Moved out of non-marketing cleanup: welcome/product education belongs to Marketing."
Welcome - 4 of 5 - Social Proof Wall,Welcome,4 of 5,Social Proof Wall,,Marketing,No,4.0,5.0,Yes,Flow-welcome,Standard marketing,,,,,,,Needs Copy Review,Needs Copy Review,No,not mapped,"Hero, Context, Education, Reassurance, CTA, Secondary CTA, FAQ block, Proof, Footer",needs merge review,"Subject: Real customers, real results Preview: See what our customers say about their first system. Goal: Link to testimonials/results page QA build: not_built"
"Welcome, Sales - 5 of 5, Consultation - Consultation Invitation","Welcome, Sales","5 of 5, Consultation",Consultation Invitation,,Marketing,No,5.0,5.0,Yes,Flow-welcome,Standard marketing,,,,,,,Needs Copy Review,Needs Copy Review,No,not mapped,"Hero, Context, Education, Reassurance, CTA, Secondary CTA, Founder note, FAQ block, Proof, Footer",needs merge review,"Subject: Ready when you are Preview: No commitment, no pressure. Just clarity on your next step. Goal: Link to consultation booking or reply-to-email prompt QA build: not_built"
"Newsletter, Welcome - 1 of 5, Newsletter - Newsletter Welcome","Newsletter, Welcome","1 of 5, Newsletter",Newsletter Welcome,,Marketing,No,1.0,5.0,Yes,Flow-welcome,Standard marketing,,,,,,,Needs Copy Review,Needs Copy Review,No,not mapped,"Hero, Context, Education, Reassurance, CTA, Secondary CTA, FAQ block, Proof, Footer",needs merge review,"Subject: You're in, {{ contact.firstname | default(""welcome"") }} Preview: What to expect from us (and what we'll never do). Goal: None (tone-setting only) QA build: not_built"
"Newsletter, Welcome - 2 of 5 - How Hair Systems Work","Newsletter, Welcome",2 of 5,How Hair Systems Work,,Marketing,No,2.0,5.0,Yes,Flow-welcome,Standard marketing,,,,,,,Needs Copy Review,Needs Copy Review,No,not mapped,"Hero, Context, Education, Product recommendation, Reassurance, CTA, Secondary CTA, FAQ block, Proof, Footer",needs merge review,"Subject: How a hair system actually works (the 3-minute version) Preview: Base, hair, attachment — that's it. Goal: Link to base type guide QA build: not_built"
"Newsletter, Welcome - 3 of 5 - Style Inspiration","Newsletter, Welcome",3 of 5,Style Inspiration,,Marketing,No,3.0,5.0,Yes,Flow-welcome,Standard marketing,,,,,,,Needs Copy Review,Needs Copy Review,No,not mapped,"Hero, Context, Education, Product recommendation, Reassurance, CTA, Secondary CTA, FAQ block, Proof, Footer",needs merge review,Subject: 5 styles our customers are wearing right now Preview: From textured crops to slick-backs — what's working. Goal: Link to gallery/lookbook QA build: not_built
"Newsletter, Welcome, Service - 4 of 5, Maintenance Education - Maintenance Tips - Seasonal","Newsletter, Welcome, Service","4 of 5, Maintenance Education",Maintenance Tips - Seasonal,,Marketing,No,4.0,5.0,Yes,Flow-welcome,Standard marketing,,,,,,,Needs Copy Review,Needs Copy Review,No,not mapped,"Hero, Context, Education, Product recommendation, Reassurance, CTA, Secondary CTA, FAQ block, Proof, Footer",needs merge review,Subject: The maintenance routine most customers follow Preview: 15 minutes every 2–4 weeks. That's it. Goal: Reply for recommendation QA build: not_built Moved out of non-marketing cleanup: newsletter maintenance education belongs to Marketing or should merge into Maintenance Academy.
"Newsletter, Welcome, Sales - 5 of 5, Consultation - Soft Consultation Invite","Newsletter, Welcome, Sales","5 of 5, Consultation",Soft Consultation Invite,,Marketing,No,5.0,5.0,Yes,Flow-welcome,Standard marketing,,,,,,,Needs Copy Review,Needs Copy Review,No,not mapped,"Hero, Context, Education, Reassurance, CTA, Secondary CTA, Founder note, FAQ block, Proof, Footer",needs merge review,Subject: Whenever you're ready Preview: No rush. But here's what the next step looks like. Goal: Consultation booking link QA build: not_built
"Newsletter, Welcome - Newsletter - Monthly Newsletter","Newsletter, Welcome",Newsletter,Monthly Newsletter,,Marketing,No,,,,Newsletter-week,Standard marketing,,,,,,,,,,not mapped,"Hero, Context, Education, Reassurance, CTA, Secondary CTA, FAQ block, Proof, Footer",single source,Canonical reference: J2 initial nurture continues into an ongoing monthly newsletter. Content mix should be roughly 80% education/confidence/maintenance/product guidance and 20% campaign/offer/launch/promotion.
"Newcust, Postpurch, Service - 1 of 8 - Order Confirmation - ""artisan Commencement","Newcust, Postpurch, Service",1 of 8,"Order Confirmation - ""artisan Commencement",,Service,Candidate/Needs Review,1.0,8.0,Yes,Flow-post-purchase,Workflow-triggered,,,,,,,Needs Copy Review,Needs Copy Review,No,not mapped,"Hero, Context, Education, Reassurance, CTA, Secondary CTA, Founder note, FAQ block, Proof, Footer",needs merge review,"Subject: Order #{{ order.hs_external_order_id }}: Your custom system is in production Preview: Our artisans have begun your build. Here's what happens next. Goal: None (reassurance, not action) QA build: not_built"
"Newcust, Postpurch, Service - 2 of 8 - Preparation Guide","Newcust, Postpurch, Service",2 of 8,Preparation Guide,,Service,Yes,2.0,8.0,Yes,Flow-post-purchase,Programmable marketing,,,,,,,Needs Copy Review,Needs Copy Review,No,not mapped,"Hero, Context, Education, Product recommendation, Reassurance, CTA, Secondary CTA, FAQ block, Proof, Footer, Base type guidance",needs merge review,Subject: Getting ready for your first system Preview: What to have on hand + how to find the right barber. Goal: Reply for barber recommendation QA build: not_built
"Newcust, Postpurch, Service - 3 of 8, Shipping Update - Shipping Notification","Newcust, Postpurch, Service","3 of 8, Shipping Update",Shipping Notification,,Service,Candidate/Needs Review,3.0,8.0,Yes,Flow-post-purchase,Workflow-triggered,,,,,,,Needs Copy Review,Needs Copy Review,No,not mapped,"Hero, Context, Education, Reassurance, CTA, Secondary CTA, FAQ block, Proof, Footer",needs merge review,Subject: Your system is on its way — #{{ order.hs_external_order_id }} Preview: Track your delivery and prepare for your first fitting. Goal: Track delivery link QA build: not_built
"Newcust, Postpurch, Service - 4 of 8 - Arrival Check-in","Newcust, Postpurch, Service",4 of 8,Arrival Check-in,,Service,Candidate/Needs Review,4.0,8.0,Yes,Flow-post-purchase,Workflow-triggered,,,,,,,Needs Copy Review,Needs Copy Review,No,not mapped,"Hero, Context, Education, Reassurance, CTA, Secondary CTA, FAQ block, Footer, Urgency cue",needs merge review,"Subject: Did everything arrive OK, {{ contact.firstname }}? Preview: Quick check before your first fitting. Goal: Reply with confirmation or photo QA build: not_built"
"Newcust, Postpurch, Service - 5 of 8, Maintenance Education - Maintenance Academy - Week 1 - Cleansing","Newcust, Postpurch, Service","5 of 8, Maintenance Education",Maintenance Academy,Week 1 - Cleansing,Service,Candidate/Needs Review,5.0,8.0,Yes,Flow-post-purchase,Workflow-triggered,,,,,,,Needs Copy Review,Needs Copy Review,No,not mapped,"Hero, Context, Education, Product recommendation, Reassurance, CTA, Secondary CTA, FAQ block, Proof, Footer",needs merge review,Subject: Lesson 1: How to wash your system properly Preview: The daily cleansing routine takes 3 minutes. Goal: None (educational) QA build: not_built
"Newcust, Postpurch, Service - 6 of 8, Maintenance Education - Maintenance Academy - Week 2 - Conditioning and Drying","Newcust, Postpurch, Service","6 of 8, Maintenance Education",Maintenance Academy,Week 2 - Conditioning and Drying,Service,Candidate/Needs Review,6.0,8.0,Yes,Flow-post-purchase,Workflow-triggered,,,,,,,Needs Copy Review,Needs Copy Review,No,not mapped,"Hero, Context, Education, Product recommendation, Reassurance, CTA, Secondary CTA, FAQ block, Proof, Footer",needs merge review,Subject: Lesson 2: Keep the hair soft and natural Preview: System hair doesn't get natural oils from your scalp. Here's how to compensate. Goal: None (educational) QA build: not_built
"Newcust, Postpurch, Service - 7 of 8 - Styling and Removal","Newcust, Postpurch, Service",7 of 8,Styling and Removal,,Service,Yes,7.0,8.0,Yes,Flow-post-purchase,Programmable marketing,,,,,,,Needs Copy Review,Needs Copy Review,No,not mapped,"Hero, Context, Education, Product recommendation, Reassurance, CTA, Secondary CTA, FAQ block, Proof, Footer, Base type guidance",needs merge review,"Subject: Lesson 3: Styling and your first removal Preview: What products to use, and how to safely remove your system. Goal: Watch video guide, reply for help QA build: not_built"
"Newcust, Postpurch, Service - 8 of 8, Review Request - Review Request and Next Steps","Newcust, Postpurch, Service","8 of 8, Review Request",Review Request and Next Steps,,Service,Yes,8.0,8.0,Yes,Flow-post-purchase,Programmable marketing,,,,,,,Needs Copy Review,Needs Copy Review,No,not mapped,"Hero, Context, Education, Reassurance, CTA, Secondary CTA, Founder note, FAQ block, Proof, Footer, Lifespan next step",needs merge review,"Subject: How's your system feel, {{ contact.firstname }}? Preview: Quick check-in — and a favor to ask. Goal: Leave review link QA build: not_built"
System Reorder - 1 of 3 - Mid-Cycle Care Check,System Reorder,1 of 3,Mid-Cycle Care Check,,Service,Candidate/Needs Review,1.0,3.0,Yes,System replacement/reorder,"Workflow-triggered, Programmable service",,,,,,,Needs Copy Review,Needs Copy Review,No,not mapped,"Hero, Context, Education, Product recommendation, Reassurance, CTA, Secondary CTA, FAQ block, Proof, Footer",needs merge review,"Subject: How's your {{ customer profile field | default(""system"") }} holding up? Preview: A few mid-cycle tips to extend the life of your current system. Goal: Reply with feedback QA build: not_built Distinct from supplies reorder; focuses on system replacement window and specs on file."
"System Reorder - 2 of 3, Reorder Prompt - Replacement Nudge",System Reorder,"2 of 3, Reorder Prompt",Replacement Nudge,,Service,Yes,2.0,3.0,Yes,System replacement/reorder,"Workflow-triggered, Programmable service",,,,,,,Needs Copy Review,Needs Copy Review,No,not mapped,"Hero, Context, Education, Product recommendation, Reassurance, CTA, Secondary CTA, FAQ block, Proof, Footer, Urgency cue, Base type guidance, Lifespan next step",needs merge review,"Subject: Time to think about your next system Preview: Order now to avoid any gap between systems. Goal: Quick reorder link, or reply with changes QA build: not_built Distinct from supplies reorder; focuses on system replacement window and specs on file."
System Reorder - 3 of 3 - Loyalty Hook,System Reorder,3 of 3,Loyalty Hook,,Service,Candidate/Needs Review,3.0,3.0,Yes,System replacement/reorder,"Workflow-triggered, Programmable service",,,,,,,Needs Copy Review,Needs Copy Review,No,not mapped,"Hero, Context, Education, Product recommendation, Reassurance, CTA, Secondary CTA, FAQ block, Proof, Footer, Offer, Urgency cue",needs merge review,Subject: Your second order — a little something extra Preview: Reorder this week and we'll include a maintenance essentials kit. Goal: Reply or reorder link QA build: not_built Distinct from supplies reorder; focuses on system replacement window and specs on file.
"Winback, Sales - 3 of 4, Offer - Specific Offer","Winback, Sales","3 of 4, Offer",Specific Offer,,Marketing,No,3.0,4.0,Yes,Flow-winback,Standard marketing,,,,,,,Needs Copy Review,Needs Copy Review,No,not mapped,"Hero, Context, Education, Product recommendation, Reassurance, CTA, Secondary CTA, FAQ block, Footer, Offer, Urgency cue",needs merge review,"Subject: $[X] off your next system, {{ contact.firstname }} Preview: A specific offer for returning customers. Goal: Reply to redeem QA build: not_built"
"Winback, Sales - 4 of 4 - Sunset Notice","Winback, Sales",4 of 4,Sunset Notice,,Sales,No,4.0,4.0,Yes,Flow-winback,Sales template / suppression workflow,,,,,,,Needs Copy Review,Needs workflow confirmation,No,not mapped,"Hero, Context, Reassurance, CTA, Secondary CTA, FAQ block, Footer",needs merge review,"Subject: Removing you from active outreach Preview: Just want to respect your inbox. Goal: ""Keep me on the active list"" button QA build: not_built Keep only if there is a real suppression/status workflow behind it."
Continuity Renewal - 1 of 4 - 30-Day Success Snapshot,Continuity Renewal,1 of 4,30-Day Success Snapshot,,Service,Yes,1.0,4.0,Yes,Continuity plan renewal,"Programmable service, Workflow-triggered",,,,,,,Needs Copy Review,Needs Copy Review,No,not mapped,"Hero, Context, Education, Product recommendation, Reassurance, CTA, Secondary CTA, FAQ block, Proof, Footer, Urgency cue, Customer snapshot",needs merge review,"Subject: Your year on the Continuity Plan, {{ contact.firstname }} Preview: A look back at what you've achieved — and what's ahead. Goal: Reply with questions or changes QA build: not_built Critical renewal service flow; requires accurate plan/payment/spec fields."
Continuity Renewal - 2 of 4 - 14-Day Heads-Up,Continuity Renewal,2 of 4,14-Day Heads-Up,,Service,Yes,2.0,4.0,Yes,Continuity plan renewal,"Programmable service, Workflow-triggered",,,,,,,Needs Copy Review,Needs Copy Review,No,not mapped,"Hero, Context, Education, Reassurance, CTA, Secondary CTA, FAQ block, Footer, Urgency cue",needs merge review,"Subject: Your plan renews in 14 days — here are the details Preview: Date, amount, and what to check before renewal. Goal: Update payment link QA build: not_built Critical renewal service flow; requires accurate plan/payment/spec fields."
Continuity Renewal - 3 of 4 - 7-Day Urgency,Continuity Renewal,3 of 4,7-Day Urgency,,Service,Yes,3.0,4.0,Yes,Continuity plan renewal,"Programmable service, Workflow-triggered",,,,,,,Needs Copy Review,Needs Copy Review,No,not mapped,"Hero, Context, Education, Reassurance, CTA, Secondary CTA, FAQ block, Footer, Urgency cue",needs merge review,Subject: 7 days until your plan renews Preview: Renewing now locks in your current rate and production priority. Goal: Reply if considering cancellation QA build: not_built Critical renewal service flow; requires accurate plan/payment/spec fields.
Continuity Renewal - 4 of 4 - Final Confirmation,Continuity Renewal,4 of 4,Final Confirmation,,Service,Yes,4.0,4.0,Yes,Continuity plan renewal,"Programmable service, Workflow-triggered",,,,,,,Needs Copy Review,Needs Copy Review,No,not mapped,"Hero, Context, Reassurance, CTA, Secondary CTA, Footer, Urgency cue",needs merge review,Subject: Your plan renews tomorrow Preview: Just a final heads-up. Everything is set. Goal: Reply for changes QA build: not_built Critical renewal service flow; requires accurate plan/payment/spec fields.
Repeat Postpurch - 1 of 3 - Delivery Quickstart - Repeat Purchase,Repeat Postpurch,1 of 3,Delivery Quickstart,Repeat Purchase,Service,Candidate/Needs Review,1.0,3.0,Yes,Repeat post-purchase,Workflow-triggered,,,,,,,Needs Copy Review,Needs Copy Review,No,not mapped,,single source,Retained only for repeat/non-first purchases; do not send alongside first-customer onboarding.
Repeat Postpurch - 2 of 3 - Maintenance Schedule - Repeat Purchase,Repeat Postpurch,2 of 3,Maintenance Schedule,Repeat Purchase,Service,Candidate/Needs Review,2.0,3.0,Yes,Repeat post-purchase,Workflow-triggered,,,,,,,Needs Copy Review,Needs Copy Review,No,not mapped,,single source,Retained only for repeat/non-first purchases; do not send alongside first-customer onboarding.
Repeat Postpurch - 3 of 3 - Longevity Tips - Repeat Purchase,Repeat Postpurch,3 of 3,Longevity Tips,Repeat Purchase,Service,Candidate/Needs Review,3.0,3.0,Yes,Repeat post-purchase,Workflow-triggered,,,,,,,Needs Copy Review,Needs Copy Review,No,not mapped,,single source,Retained only for repeat/non-first purchases; do not send alongside first-customer onboarding.
Supplies Reorder - 1 of 3 - Friendly Reminder - Maintenance Supplies,Supplies Reorder,1 of 3,Friendly Reminder,Maintenance Supplies,Service,Candidate/Needs Review,1.0,,,Maintenance supplies reorder,Workflow-triggered,,,,,,,Needs Copy Review,Needs Copy Review,No,not mapped,,single source,Distinct from system replacement reorder; focuses on maintenance products/supplies.
Supplies Reorder - 2 of 3 - Subscription Pitch - Maintenance Supplies,Supplies Reorder,2 of 3,Subscription Pitch,Maintenance Supplies,Service,Candidate/Needs Review,2.0,,,Maintenance supplies reorder,Workflow-triggered,,,,,,,Needs Copy Review,Needs Copy Review,No,not mapped,,single source,Distinct from system replacement reorder; focuses on maintenance products/supplies.
Supplies Reorder - 3 of 3 - Last Reminder New Products - Maintenance Supplies,Supplies Reorder,3 of 3,Last Reminder New Products,Maintenance Supplies,Service,Candidate/Needs Review,3.0,,,Maintenance supplies reorder,Workflow-triggered,,,,,,,Needs Copy Review,Needs Copy Review,No,not mapped,,single source,Distinct from system replacement reorder; focuses on maintenance products/supplies.
Review - Review Request - Review Request - Review,Review,Review Request,Review Request,Review,Service,Candidate/Needs Review,1.0,,,review,,,,,,,,Needs Copy Review,Needs Copy Review,No,not mapped,,single source,
Review - Review Request - UGC Photo Request - Review,Review,Review Request,UGC Photo Request,Review,Service,Candidate/Needs Review,2.0,,,review,,,,,,,,Needs Copy Review,Needs Copy Review,No,not mapped,,single source,
Shipping - Shipping Update - Order Journey Expectations - Shipping,Shipping,Shipping Update,Order Journey Expectations,Shipping,Service,Candidate/Needs Review,1.0,,,shipping,,,,,,,,Needs Copy Review,Needs Copy Review,No,not mapped,,single source,
Shipping - Shipping Update - Mid-Wait Check-In - Shipping,Shipping,Shipping Update,Mid-Wait Check-In,Shipping,Service,Candidate/Needs Review,2.0,,,shipping,,,,,,,,Needs Copy Review,Needs Copy Review,No,not mapped,,single source,
"Dunning, Service - 1 of 2, Payment Failed - Payment Failed Immediate Notice","Dunning, Service","1 of 2, Payment Failed",Payment Failed Immediate Notice,,Service,Candidate/Needs Review,1.0,2.0,Yes,Flow-post-purchase,Workflow-triggered,,,,,,,Needs Copy Review,Needs Copy Review,No,not mapped,"Hero, Context, Reassurance, CTA, Secondary CTA, Footer, Urgency cue",needs merge review,"Subject: Issue with your payment, {{ contact.firstname }} Preview: Your card was declined — here's how to fix it in 30 seconds. Goal: Update payment link QA build: not_built"
"Dunning, Service - 2 of 2 - Grace Period Reminder","Dunning, Service",2 of 2,Grace Period Reminder,,Service,Candidate/Needs Review,2.0,2.0,Yes,Flow-post-purchase,Workflow-triggered,,,,,,,Needs Copy Review,Needs Copy Review,No,not mapped,"Hero, Context, Reassurance, CTA, Secondary CTA, Footer, Urgency cue",needs merge review,"Subject: Your plan is paused — update needed by [date] Preview: Your production slot is being held, but we need your payment updated. Goal: Update payment link QA build: not_built"
Sales - 1 of 4 - The Honest Comeback - Comeback Sequence,Sales,1 of 4,The Honest Comeback,Comeback Sequence,Sales,No,1.0,4.0,Yes,campaign,Sales template / 1:1 manual send,,,,,,,Needs Copy Review,Manual review required,No,not mapped,,single source,1:1 relationship repair sequence; manual review before sending.
Sales - 2 of 4 - What Has Actually Changed - Comeback Sequence,Sales,2 of 4,What Has Actually Changed,Comeback Sequence,Sales,No,2.0,4.0,Yes,consultation_followup,Sales template / 1:1 manual send,,,,,,,Needs Copy Review,Manual review required,No,not mapped,,single source,1:1 relationship repair sequence; manual review before sending.
Sales - 3 of 4 - A Small Gesture - Comeback Sequence,Sales,3 of 4,A Small Gesture,Comeback Sequence,Sales,No,3.0,4.0,Yes,shipping,Sales template / 1:1 manual send,,,,,,,Needs Copy Review,Manual review required,No,not mapped,,single source,1:1 relationship repair sequence; manual review before sending.
Sales - 4 of 4 - The Quiet Exit - Comeback Sequence,Sales,4 of 4,The Quiet Exit,Comeback Sequence,Sales,No,4.0,4.0,Yes,consultation_followup,Sales template / 1:1 manual send,,,,,,,Needs Copy Review,Manual review required,No,not mapped,,single source,1:1 relationship repair sequence; manual review before sending.
Welcome - 1 of 5 - New Subscriber Introduction - Welcome,Welcome,1 of 5,New Subscriber Introduction,Welcome,Marketing,Candidate/Needs Review,1.0,5.0,Yes,campaign,,,,,,,,Needs Copy Review,Needs Copy Review,No,not mapped,,single source,
Welcome - 2 of 5 - Education Hook - Welcome,Welcome,2 of 5,Education Hook,Welcome,Marketing,Candidate/Needs Review,2.0,5.0,Yes,consultation_followup,,,,,,,,Needs Copy Review,Needs Copy Review,No,not mapped,,single source,
Welcome - 3 of 5 - Social Proof - Welcome,Welcome,3 of 5,Social Proof,Welcome,Marketing,Candidate/Needs Review,3.0,5.0,Yes,campaign,,,,,,,,Needs Copy Review,Needs Copy Review,No,not mapped,,single source,
Welcome - 4 of 5 - First Purchase Incentive - Welcome,Welcome,4 of 5,First Purchase Incentive,Welcome,Marketing,Candidate/Needs Review,4.0,5.0,Yes,review,,,,,,,,Needs Copy Review,Needs Copy Review,No,not mapped,,single source,
Welcome - 5 of 5 - Soft Close Buying Guide - Welcome,Welcome,5 of 5,Soft Close Buying Guide,Welcome,Marketing,Candidate/Needs Review,5.0,5.0,Yes,campaign,,,,,,,,Needs Copy Review,Needs Copy Review,No,not mapped,,single source,
Winback - Winback - Soft Check-in - Winback,Winback,Winback,Soft Check-in,Winback,Marketing,Candidate/Needs Review,1.0,,,winback,,,,,,,,Needs Copy Review,Needs Copy Review,No,not mapped,,single source,
Winback - Winback - What's New - Winback,Winback,Winback,What's New,Winback,Marketing,Candidate/Needs Review,2.0,,,winback,,,,,,,,Needs Copy Review,Needs Copy Review,No,not mapped,,single source,
Winback - Winback - Reengagement Offer - Winback,Winback,Winback,Reengagement Offer,Winback,Marketing,Candidate/Needs Review,3.0,,,winback,,,,,,,,Needs Copy Review,Needs Copy Review,No,not mapped,,single source,
Winback - Winback - Final Goodbye - Winback,Winback,Winback,Final Goodbye,Winback,Marketing,Candidate/Needs Review,4.0,,,winback,,,,,,,,Needs Copy Review,Needs Copy Review,No,not mapped,,single source,
Xsell - Cross Sell - Care Kit Intro - Cross Sell,Xsell,Cross Sell,Care Kit Intro,Cross Sell,Marketing,Candidate/Needs Review,1.0,,,campaign,,,,,,,,Needs Copy Review,Needs Copy Review,No,not mapped,,single source,
Xsell - Cross Sell - Problem Solution - Cross Sell,Xsell,Cross Sell,Problem Solution,Cross Sell,Marketing,Candidate/Needs Review,2.0,,,campaign,,,,,,,,Needs Copy Review,Needs Copy Review,No,not mapped,,single source,
Xsell - Cross Sell - Bundle Offer - Cross Sell,Xsell,Cross Sell,Bundle Offer,Cross Sell,Marketing,Candidate/Needs Review,3.0,,,campaign,,,,,,,,Needs Copy Review,Needs Copy Review,No,not mapped,,single source,
Launch - 1 of 5 - Full Overview - Rebrand Launch,Launch,1 of 5,Full Overview,Rebrand Launch,Marketing,No,1.0,5.0,Yes,Brand Relaunch,Standard marketing,214990273180.0,Published," 1846782600 (Journey -- Launch Campaign, rebuilt 2026-07-05, still disabled pending enrollment-rule approval)",News & Offers,A new era for Hair Solutions Co.,,Published in HubSpot export,,,,,single source,"Current real launch email from HubSpot export 2026-07-03. HubSpot export typo was Rebrad Launch; normalized here to Rebrand Launch. | 2026-07-05: confirmed as the canonical clean 5-email Launch sequence per Vincent; workflow rebuilt to send these 5 in order, replacing a stale blended draft."
Launch - 2 of 5 - Premium Branch Launch - AB Test Variant A,Launch,2 of 5,Premium Branch Launch,AB Test Variant A,Marketing,No,2.0,5.0,Yes,Brand Relaunch,Standard marketing,214990273186.0,Published," 1846782600 (Journey -- Launch Campaign, rebuilt 2026-07-05, still disabled pending enrollment-rule approval)",News & Offers,Hair Solutions Co. just relaunched — here's what changed.,,Published in HubSpot export,,,,,single source,"Current real launch email from HubSpot export 2026-07-03. | 2026-07-05: confirmed as the canonical clean 5-email Launch sequence per Vincent; workflow rebuilt to send these 5 in order, replacing a stale blended draft."
Launch - 3 of 5 - Lead with the Offer - AB Test Variant B,Launch,3 of 5,Lead with the Offer,AB Test Variant B,Marketing,No,3.0,5.0,Yes,Brand Relaunch,Standard marketing,214988110720.0,Published," 1846782600 (Journey -- Launch Campaign, rebuilt 2026-07-05, still disabled pending enrollment-rule approval)",News & Offers,Hair Solutions Co. just relaunched — here's what changed.,,Published in HubSpot export,,,,,single source,"Current real launch email from HubSpot export 2026-07-03. | 2026-07-05: confirmed as the canonical clean 5-email Launch sequence per Vincent; workflow rebuilt to send these 5 in order, replacing a stale blended draft."
Launch - 4 of 5 - Personal Founder Letter - Founder Note,Launch,4 of 5,Personal Founder Letter,Founder Note,Marketing,No,4.0,5.0,Yes,Brand Relaunch,Standard marketing,214990273183.0,Published," 1846782600 (Journey -- Launch Campaign, rebuilt 2026-07-05, still disabled pending enrollment-rule approval)",News & Offers,I wanted to personally explain why we changed.,,Published in HubSpot export,,,,,single source,"Current real launch email from HubSpot export 2026-07-03. | 2026-07-05: confirmed as the canonical clean 5-email Launch sequence per Vincent; workflow rebuilt to send these 5 in order, replacing a stale blended draft."
Launch - 5 of 5 - Bold Launch Close - Conversion,Launch,5 of 5,Bold Launch Close,Conversion,Marketing,No,5.0,5.0,Yes,Brand Relaunch,Standard marketing,214988110717.0,Published," 1846782600 (Journey -- Launch Campaign, rebuilt 2026-07-05, still disabled pending enrollment-rule approval)",News & Offers,Hair Solutions Co. just relaunched — and your first system offer is inside.,,Published in HubSpot export,,,,,single source,"Current real launch email from HubSpot export 2026-07-03. | 2026-07-05: confirmed as the canonical clean 5-email Launch sequence per Vincent; workflow rebuilt to send these 5 in order, replacing a stale blended draft."
Loyalist Re-engagement - 1 of 5 - Personal Reconnection,Loyalist Re-engagement,1 of 5,Personal Reconnection,,Marketing,Candidate/Needs Review,1.0,5.0,Yes,Loyalist Re-engagement,Programmable marketing,,,,News & Offers,,,not built,Needs copy review,Yes,not mapped,,merged strategy,"New programmable marketing series. Combine loyalist/VIP relaunch value into a dedicated re-engagement sequence, separate from the public launch campaign."
Loyalist Re-engagement - 2 of 5 - What Changed,Loyalist Re-engagement,2 of 5,What Changed,,Marketing,Candidate/Needs Review,2.0,5.0,Yes,Loyalist Re-engagement,Programmable marketing,,,,News & Offers,,,not built,Needs copy review,Yes,not mapped,,merged strategy,"Covers concrete improvements: support, order records, product lineup, clearer timelines."
Loyalist Re-engagement - 3 of 5 - Product Match,Loyalist Re-engagement,3 of 5,Product Match,,Marketing,Candidate/Needs Review,3.0,5.0,Yes,Loyalist Re-engagement,Programmable marketing,,,,News & Offers,,,not built,Needs copy review,Yes,not mapped,,merged strategy,Absorbs value from former VIP Launch - Value Reminder and Product Match. Should use prior order/base/spec context.
Loyalist Re-engagement - 4 of 5 - Reorder Timing,Loyalist Re-engagement,4 of 5,Reorder Timing,,Marketing,Candidate/Needs Review,4.0,5.0,Yes,Loyalist Re-engagement,Programmable marketing,,,,News & Offers,,,not built,Needs copy review,Yes,not mapped,,merged strategy,"Absorbs value from former Loyalist Relaunch - Reorder Prompt - Active Clients. Focus: replacement window, previous specs, avoiding a gap."
Loyalist Re-engagement - 5 of 5 - Private Offer,Loyalist Re-engagement,5 of 5,Private Offer,,Marketing,Candidate/Needs Review,5.0,5.0,Yes,Loyalist Re-engagement,Programmable marketing,,,,News & Offers,,,not built,Needs copy review,Yes,not mapped,,merged strategy,Optional close: calm incentive or concierge-style CTA for high-value existing customers.
Launch -- Audience A -- Existing Customer -- Offer Top,,,,,,,,,,Brand Relaunch,Standard marketing,216512679333.0,AB_EMAIL / DRAFT_AB (parent),,,,,"READY FOR REVIEW -- passes bare-widget check, no bad tokens, from/replyTo set, subscriptionDetails set, preview_text non-placeholder. Staged as native A/B test, Send-to/suppression lists already set (see hs-lifecycle-strategy-2026 skill). Awaiting Vincent review + manual publish/send -- not sent.","Rebuilt + verified 2026-07-05, pending Vincent review",No,"REBUILT 2026-07-05 -- fully modular, matches Launch 1/3-of-5 design standard (header, hero-image, offer, five-changes, products grid, founder-note, final-cta, custom footer, native @hubspot/email_footer). Uses native module_id references (not path-based) -- confirmed via true web-version preview render, not just editor canvas.",launch-03-* module set (dark products variant),,"Native HubSpot A/B test. Send to Attribute -- Has Ordered (580), suppress Suppression -- Master (1044). User flagged as unstyled 2026-07-05, needs rebuild. | 2026-07-05 rebuild: replaced flat rich_text placeholder content with full modular structure reusing existing Launch custom modules (field-driven, audience-specific copy overrides on hero/offer/final-cta; header/five-changes/products/founder-note/footer use module defaults). IMPORTANT MECHANIC: path-based widget references (body.path) did NOT render in this AB_EMAIL type -- only module_id-based widget references actually render at send-time (confirmed via true preview, not just editor canvas which can look misleading). See api-email-marketing skill for this correction."
Launch -- Audience A -- Existing Customer -- Offer Bottom,,,,,,,,,,Brand Relaunch,Standard marketing,216517555754.0,AB_EMAIL / DRAFT_AB_VARIANT (child),,,,,"READY FOR REVIEW -- passes bare-widget check, no bad tokens, from/replyTo set, subscriptionDetails set, preview_text non-placeholder. Staged as native A/B test, Send-to/suppression lists already set (see hs-lifecycle-strategy-2026 skill). Awaiting Vincent review + manual publish/send -- not sent.","Rebuilt + verified 2026-07-05, pending Vincent review",No,"REBUILT 2026-07-05 -- fully modular, matches Launch 1/3-of-5 design standard (header, hero-image, offer, five-changes, products grid, founder-note, final-cta, custom footer, native @hubspot/email_footer). Uses native module_id references (not path-based) -- confirmed via true web-version preview render, not just editor canvas.",launch-02-* module set (light products variant),,"B variant of the Audience A A/B test. Orphaned duplicate draft 216515377497 (BATCH_EMAIL/DRAFT) should be deleted -- superseded by this variant. | 2026-07-05 rebuild: replaced flat rich_text placeholder content with full modular structure reusing existing Launch custom modules (field-driven, audience-specific copy overrides on hero/offer/final-cta; header/five-changes/products/founder-note/footer use module defaults). IMPORTANT MECHANIC: path-based widget references (body.path) did NOT render in this AB_EMAIL type -- only module_id-based widget references actually render at send-time (confirmed via true preview, not just editor canvas which can look misleading). See api-email-marketing skill for this correction."
Launch -- Audience B -- New Prospect -- Offer Top,,,,,,,,,,Brand Relaunch,Standard marketing,216512679336.0,AB_EMAIL / DRAFT_AB (parent),,,,,"READY FOR REVIEW -- passes bare-widget check, no bad tokens, from/replyTo set, subscriptionDetails set, preview_text non-placeholder. Staged as native A/B test, Send-to/suppression lists already set (see hs-lifecycle-strategy-2026 skill). Awaiting Vincent review + manual publish/send -- not sent.","Rebuilt + verified 2026-07-05, pending Vincent review",No,"REBUILT 2026-07-05 -- fully modular, matches Launch 1/3-of-5 design standard (header, hero-image, offer, five-changes, products grid, founder-note, final-cta, custom footer, native @hubspot/email_footer). Uses native module_id references (not path-based) -- confirmed via true web-version preview render, not just editor canvas.",launch-03-* module set (dark products variant),,"Native HubSpot A/B test. Send to Marketing Eligibility -- Marketing Contacts (72), suppress Attribute -- Has Ordered (580) + Suppression -- Master (1044). | 2026-07-05 rebuild: replaced flat rich_text placeholder content with full modular structure reusing existing Launch custom modules (field-driven, audience-specific copy overrides on hero/offer/final-cta; header/five-changes/products/founder-note/footer use module defaults). IMPORTANT MECHANIC: path-based widget references (body.path) did NOT render in this AB_EMAIL type -- only module_id-based widget references actually render at send-time (confirmed via true preview, not just editor canvas which can look misleading). See api-email-marketing skill for this correction."
Launch -- Audience B -- New Prospect -- Offer Bottom,,,,,,,,,,Brand Relaunch,Standard marketing,216517566631.0,AB_EMAIL / DRAFT_AB_VARIANT (child),,,,,"READY FOR REVIEW -- passes bare-widget check, no bad tokens, from/replyTo set, subscriptionDetails set, preview_text non-placeholder. Staged as native A/B test, Send-to/suppression lists already set (see hs-lifecycle-strategy-2026 skill). Awaiting Vincent review + manual publish/send -- not sent.","Rebuilt + verified 2026-07-05, pending Vincent review",No,"REBUILT 2026-07-05 -- fully modular, matches Launch 1/3-of-5 design standard (header, hero-image, offer, five-changes, products grid, founder-note, final-cta, custom footer, native @hubspot/email_footer). Uses native module_id references (not path-based) -- confirmed via true web-version preview render, not just editor canvas.",launch-02-* module set (light products variant),,"B variant of the Audience B A/B test. Orphaned duplicate draft 216515377500 (BATCH_EMAIL/DRAFT) should be deleted -- superseded by this variant. | 2026-07-05 rebuild: replaced flat rich_text placeholder content with full modular structure reusing existing Launch custom modules (field-driven, audience-specific copy overrides on hero/offer/final-cta; header/five-changes/products/founder-note/footer use module defaults). IMPORTANT MECHANIC: path-based widget references (body.path) did NOT render in this AB_EMAIL type -- only module_id-based widget references actually render at send-time (confirmed via true preview, not just editor canvas which can look misleading). See api-email-marketing skill for this correction."
Abandoned Cart -- Email 1 of 3 -- Abandoned Cart -- Gentle Reminder,,,,,,,,,,Abandoned Cart -- Current,Automated flow,214989746959.0,AUTOMATED,,,,,"Published, flow ON",Needs module rebuild,Yes,flat rich_text + email_footer only -- no cart/product-line module exists in Design Manager yet (email_modules/ has no cart family),,,Live and turned on 2026-07-05. Cannot render actual cart contents until a dynamic cart-line-item module is designed and built -- no such module exists on the portal today.
Abandoned Cart -- Email 2 of 3 -- Abandoned Cart -- Value Reinforcement,,,,,,,,,,Abandoned Cart -- Current,Automated flow,214987971489.0,AUTOMATED,,,,,"Published, flow ON",Needs module rebuild,Yes,flat rich_text -- same cart-module gap as Email 1 of 3,,,Same cart-module gap as Email 1 of 3.
Abandoned Cart -- Email 3 of 3 -- Abandoned Cart -- Urgency Incentive,,,,,,,,,,Abandoned Cart -- Current,Automated flow,214987971492.0,AUTOMATED,,,,,"Published, flow ON",Needs module rebuild,Yes,flat rich_text -- same cart-module gap as Email 1 of 3,,,Same cart-module gap as Email 1 of 3.
Browse Abandonment -- Email 1 of 2 -- Product Reminder,,,,,,,,,,Browse Abandonment,Automated flow,214987971495.0,AUTOMATED,,,,,Unknown -- flow on/off not verified this session,Needs audit,Unknown,not yet audited,,,Not yet audited in the 2026-07-05 session.
Browse Abandonment -- Email 2 of 2 -- Related Products,,,,,,,,,,Browse Abandonment,Automated flow,214987971498.0,AUTOMATED,,,,,Unknown -- flow on/off not verified this session,Needs audit,Unknown,not yet audited,,,Not yet audited in the 2026-07-05 session.
Abandoned Cart -- Email 1 of 4 -- Legacy,,,,,,,,,,Abandoned Cart -- Legacy,Automated flow,208934606082.0,AUTOMATED,,,,,Unknown -- likely superseded by Abandoned Cart -- Current,Needs decision: retire or keep,Unknown,not yet audited,,,"Legacy 4-email sequence, probably superseded by the 3-email Abandoned Cart -- Current sequence. Confirm with Vincent whether to retire."
